ID,Question,Answer,Tags,Department
1,What is the minimum percentage required in intermediate for BBA admission?,"Candidates must have completed Intermediate/F.Sc with a minimum of 50% marks in the annual examination, with no supplementary and no subjects condoned by the Board.","BBA, Eligibility, Intermediate, Percentage, Admission",Business Administration
2,How much percentage do I need in FSc to get into BBA?,You need at least 50% marks in your Intermediate/F.Sc annual examination to be eligible for BBA. No supplementary attempts or condoned subjects are allowed.,"BBA, FSc, Percentage, Eligibility",Business Administration
3,What are the marks requirements for BBA at Sukkur IBA?,"For BBA admission, a minimum of 50% marks in Intermediate/F.Sc is required, with no supplement and no condoned subjects. Alternative qualifications like A-Levels (average C grade), American High School Diploma (60%), or IB (28/45 points) are also accepted.","BBA, Marks, Eligibility, Requirements",Business Administration
4,Is 50% enough for getting admission in BBA?,"Yes, 50% marks in Intermediate/F.Sc is the minimum requirement for BBA admission at Sukkur IBA, provided you have no supplementary attempts and no condoned subjects.","BBA, 50%, Eligibility, Admission",Business Administration
5,What percentage is needed for BBA admission in Sukkur IBA?,A minimum of 50% marks in Intermediate/F.Sc annual examination is required for BBA admission. The candidate must have no supplementary and no condoned subjects.,"BBA, Percentage, Sukkur IBA, Admission",Business Administration
6,Minimum marks for BBA eligibility at Sukkur IBA?,"The minimum requirement is 50% marks in Intermediate/F.Sc, passed in the annual examination with no supplement and no subjects condoned by the Board.","BBA, Minimum Marks, Eligibility",Business Administration
7,What grade or percentage do I need for BBA?,"You need at least 50% in your Intermediate/F.Sc. If you have A-Levels, an average C grade in three principal subjects is required. American High School Diploma holders need 60%, and IB students need at least 28 out of 45 points.","BBA, Grade, Percentage, A-Level, IB",Business Administration
8,Is 45% in FSc sufficient for BBA admission at Sukkur IBA?,"No, 45% is not sufficient. The minimum required percentage for BBA admission is 50% in Intermediate/F.Sc, with no supplementary and no condoned subjects.","BBA, 45%, Insufficient, Eligibility",Business Administration
9,Can I apply for admission if my final year results are not yet announced?,"Yes, you can apply. If your final year results haven't been announced, you must provide your first year marks sheet showing no shortcomings in any subject. You may be granted provisional admission, which will be cancelled if your final results don't meet the minimum requirements.","Provisional Admission, Final Year Results, Pending Results",Admissions
10,My FSc result hasn't come out yet. Can I still apply to Sukkur IBA?,"Yes, you can still apply. You will need to submit your first year marks sheet with no shortcomings in any subject. A provisional admission may be granted, but it will be cancelled if your final result doesn't meet the minimum eligibility criteria.","FSc Result, Provisional Admission, Apply",Admissions
11,What if my board results are still pending — am I eligible to apply?,"Yes, applicants whose final year results are pending can apply. They must show their first year HSC/A-Level marks sheet with no shortcomings. Provisional admission may be offered, subject to final results meeting the required criteria.","Pending Results, Board, Eligibility, Provisional",Admissions
12,Can I get admission on a provisional basis while waiting for my results?,"Yes, provisional admission is possible if your final year results are not yet announced. However, you must have no shortcomings in your first year of HSC/A-Levels. If your final results don't meet the minimum requirements, the provisional admission will be cancelled and fees will be refunded.","Provisional Admission, Waiting, Results, Refund",Admissions
13,I'm a second-year student and my exams just finished. Can I apply now?,"Yes, you can apply even if your results are not yet announced. You'll need to provide your first year marks sheet showing no shortcomings. Provisional admission may be granted until your final results confirm eligibility.","Second Year, Results Pending, Apply, Provisional",Admissions
14,Will Sukkur IBA give me admission if my annual results are awaited?,"Yes, Sukkur IBA can grant provisional admission to students whose final year results are awaited, provided the first year marks sheet shows no shortcomings. If the final results fall short of the minimum requirement, the provisional admission will be cancelled and fees refunded.","Annual Results, Awaited, Provisional, Admission",Admissions
15,Do I need my final result to appear in the aptitude test?,"No, you do not need your final result to appear in the aptitude test. However, at the time of the interview, applicants whose final year results have not been announced must present their first year marks sheet with no shortcomings.","Aptitude Test, Final Result, Interview, Marks Sheet",Admissions
16,What happens to my admission if my final result doesn't meet requirements?,"If you were granted provisional admission and your final result doesn't meet Sukkur IBA's minimum requirements, your provisional admission will be cancelled. However, your paid fees will be refunded.","Provisional Admission, Cancelled, Fees Refund, Requirements",Admissions
17,What documents do I need to bring for the interview?,"For an undergraduate interview, you need to bring: SSC/O-Levels certificate with mark sheets, HSC/A-Levels certificate with mark sheets (or first year marks sheet if final results are pending), and equivalence certificates if your degree is from a non-Pakistani university or board.","Interview, Documents, Undergraduate, Requirements",Admissions
18,Which documents are required at the time of the interview at Sukkur IBA?,"You must bring original documents including your SSC/O-Levels certificate with mark sheets and HSC/A-Levels certificate with mark sheets. If your final year results are not announced, bring your first year marks sheet showing no shortcomings. Equivalence certificates are required for non-Pakistani qualifications.","Documents, Interview, SSC, HSC, Equivalence",Admissions
19,What should I carry with me on interview day?,"On interview day, bring your original SSC/O-Levels and HSC/A-Levels certificates along with mark sheets. If awaiting final results, carry your first year marks sheet. Holders of foreign qualifications should also bring equivalence certificates.","Interview Day, Documents, Original, Certificates",Admissions
20,Do I need original documents for the Sukkur IBA interview?,"Yes, applicants are required to bring original documents at the time of the interview. These include SSC and HSC certificates with mark sheets, and equivalence certificates if applicable.","Original Documents, Interview, SSC, HSC",Admissions
21,Is matric certificate required for the interview?,"Yes, you must bring your SSC/O-Levels (or equivalent) certificate along with mark sheets at the time of the interview.","Matric, SSC, Certificate, Interview",Admissions
22,What paperwork is needed for the Sukkur IBA admission interview?,"The required paperwork includes original SSC/O-Levels and HSC/A-Levels certificates with mark sheets. If final year results are pending, a first year marks sheet (with no shortcomings) is needed. Foreign qualification holders must also provide equivalence certificates.","Paperwork, Interview, Admission, Documents",Admissions
23,I have A-Levels. What documents should I bring to the interview?,"If you have A-Levels, bring your O-Levels and A-Levels certificates with mark sheets. If your final A-Level results are not yet announced, provide your first year marks sheet showing no shortcomings. An equivalence certificate may also be required.","A-Level, Documents, Interview, Equivalence",Admissions
24,Are equivalence certificates needed for the interview?,"Yes, equivalence certificates must be provided if your degree or certificate was issued by a non-Pakistani university or board.","Equivalence Certificate, Non-Pakistani, Interview, Documents",Admissions
25,Does Sukkur IBA accept A-Level or American High School Diploma?,"Yes, Sukkur IBA accepts A-Levels (with at least an average C grade in three principal subjects) and American High School Diploma (with a minimum of 60%). International Baccalaureate with at least 28 points out of 45 is also accepted.","A-Level, American High School Diploma, Eligibility, Accepted",Admissions
26,I did my A-Levels abroad. Can I apply to Sukkur IBA?,"Yes, A-Level holders can apply. You need at least an average C grade in three principal subjects. Make sure to also provide an equivalence certificate since your qualification is from outside Pakistan.","A-Level, Abroad, Apply, Equivalence",Admissions
27,Is American High School Diploma valid for admission at Sukkur IBA?,"Yes, an American High School Diploma is accepted for admission, provided the candidate has a minimum of 60% marks. An equivalence certificate from the relevant authority will also be required.","American High School Diploma, Valid, Admission, 60%",Admissions
28,What is the minimum grade in A-Levels for Sukkur IBA admission?,A-Level candidates need at least an average C grade in three principal subjects to meet the eligibility criteria for admission at Sukkur IBA.,"A-Level, Minimum Grade, C Grade, Eligibility",Admissions
29,Can I apply with an International Baccalaureate (IB) diploma?,"Yes, IB diploma holders can apply. You need at least 28 points out of 45 to meet the eligibility requirements","IB, International Baccalaureate, 28 Points, Eligibility",Admissions
30,Does Sukkur IBA recognize foreign high school qualifications?,"Yes, Sukkur IBA accepts A-Levels (average C grade in three subjects), American High School Diploma (minimum 60%), and International Baccalaureate (at least 28/45 points). Equivalence certificates must be provided for non-Pakistani qualifications.","Foreign Qualifications, Recognized, A-Level, IB, Diploma",Admissions
31,I have a US high school diploma. Am I eligible for BBA at Sukkur IBA?,"Yes, a US (American) High School Diploma is accepted for BBA admission, provided you have a minimum of 60% marks. You will also need to provide an equivalence certificate.","US Diploma, BBA, Eligibility, 60%",Business Administration
32,Will my O and A-Level certificates be accepted instead of matric and FSc?,"Yes, O-Levels and A-Levels are accepted as equivalents to SSC and HSC respectively. A-Level candidates need at least an average C grade in three principal subjects. Equivalence certificates should be provided.","O-Level, A-Level, Matric, FSc, Equivalence",Admissions
33,What is the admission test pattern?,"The admission test is a written aptitude test. Candidates who qualify the written test then go through group discussions (assessing communication skills, confidence, maturity, and leadership) and an interview (evaluating maturity, motivation, interpersonal skills, and career focus). Alternatively, candidates may appear in the Foundation Semester and secure a CGPA of 2.2 or above to qualify for regular programs.","Admission Test, Pattern, Aptitude, Group Discussion, Interview",Admissions
34,How is the Sukkur IBA entry test structured?,"The entry test is a written aptitude test. After clearing it, candidates go through group discussions and an interview. Those who join the Foundation Semester must maintain a 2.2 CGPA to be eligible for undergraduate/graduate programs.","Entry Test, Structure, Aptitude, Foundation Semester",Admissions
35,What happens after I clear the written test at Sukkur IBA?,"After clearing the written test, you will be evaluated through a group discussion (testing communication, confidence, maturity, and leadership) followed by an individual interview (assessing motivation, maturity, interpersonal skills, and career focus). Successfully completing both makes you eligible for admission.","Written Test, Group Discussion, Interview, Next Steps",Admissions
36,Is there an interview after the aptitude test?,"Yes, candidates who qualify the written aptitude test are required to participate in a group discussion and then appear for an individual interview. Both are part of the final selection process.","Interview, Aptitude Test, Group Discussion, Selection",Admissions
37,Does the Sukkur IBA test have MCQs or written questions?,"The admission test is a written aptitude test. The exact format (whether it has MCQs or subjective questions) isn’t specified. For full details, check Sukkur IBA’s official website or contact their admissions office directly.","MCQs, Written Test, Aptitude, Format",Admissions
38,What subjects are covered in the Sukkur IBA aptitude test?,"The admission test is a written aptitude test. The exact format (whether it has MCQs or subjective questions) isn’t specified. For full details, check Sukkur IBA’s official website or contact their admissions office directly.","Aptitude Test, Subjects, Syllabus",Admissions
39,Is there a group discussion round in the Sukkur IBA admission process?,"Yes, there is a group discussion round. Candidates who qualify the written test are analytically evaluated through group discussions, which assess their communication skills, confidence, maturity, and leadership qualities.","Group Discussion, Admission Process, Communication, Leadership",Admissions
40,What is the full selection process at Sukkur IBA?,"The selection process involves: (1) appearing in the written aptitude test, (2) group discussion for those who qualify (assessing communication, confidence, maturity, leadership), and (3) an individual interview (evaluating motivation, interpersonal skills, and career focus). Alternatively, candidates can go through the Foundation Semester and maintain a 2.2 CGPA to gain admission.","Selection Process, Test, Group Discussion, Interview, Foundation Semester",Admissions
41,Is there any age limit for undergraduate programs?,"The provided admission policy and eligibility criteria for Sukkur IBA's undergraduate programs do not mention any age limit. Admissions are based on academic merit, test performance, and interview results.","Age Limit, Undergraduate, Eligibility, No Age Restriction",Admissions
42,What is the maximum age to apply for a bachelor's program at Sukkur IBA?,"There is no mention of a maximum age limit for undergraduate programs in Sukkur IBA's admission policy. Selection is based entirely on academic criteria, test results, and interview performance.","Maximum Age, Bachelor's, Undergraduate, Admission Policy",Admissions
43,Can older students apply for undergraduate admission at Sukkur IBA?,"Based on the admission policy, there is no stated age restriction for undergraduate programs. All applicants are assessed individually based on academic background, test performance, and interview results.","Older Students, Undergraduate, Age, Apply",Admissions
44,Is there an upper age limit to apply for BBA?,The admission policy does not mention any upper age limit for BBA or other undergraduate programs. Admission is purely merit-based.,"Age Limit, BBA, Undergraduate, Merit",Business Administration
45,I am 25 years old. Can I still apply for an undergraduate program?,"Yes, you can apply. Sukkur IBA's admission policy does not specify any age restrictions for undergraduate programs. All applicants are evaluated based on academic merit, test, and interview performance.","25 Years, Undergraduate, Apply, No Age Limit",Admissions
46,Does Sukkur IBA have an age restriction for BS programs?,No age restriction for BS programs is mentioned in Sukkur IBA's admission policy. Students are selected entirely on merit and availability of seats.,"Age Restriction, BS Program, Merit, Seats",Admissions
47,Can a mature student apply for undergraduate admission?,"Yes, there is no age bar mentioned in Sukkur IBA's admission policy. The institution evaluates all applicants on the basis of academic record, test results, and interview performance.","Mature Student, Undergraduate, Admission, No Age Bar",Admissions
48,Is there a minimum age requirement for joining Sukkur IBA?,The admission policy does not mention a minimum age requirement. The key eligibility criterion is completing Intermediate/F.Sc or an equivalent qualification with the required minimum marks.,"Minimum Age, Eligibility, Intermediate, Requirement",Admissions
49,Can a student from Pre-Medical background apply for BBA?,"Yes, a Pre-Medical student can apply for BBA. The eligibility criteria state that candidates must have Intermediate/F.Sc with a minimum of 50% marks. There is no restriction on the specific FSc group (Pre-Medical or Pre-Engineering) for BBA applicants.","Pre-Medical, BBA, Eligibility, FSc, Apply",Business Administration
50,I studied Biology in FSc. Am I eligible for BBA?,"Yes, students from an FSc Biology (Pre-Medical) background are eligible for BBA as long as they have at least 50% marks in their Intermediate, with no supplementary and no condoned subjects.","Biology, FSc, BBA, Eligibility, Pre-Medical",Business Administration
51,Does Sukkur IBA require a specific FSc group for BBA admission?,"No, the BBA eligibility criteria do not specify a particular FSc group. Any student with Intermediate/F.Sc and a minimum of 50% marks is eligible, regardless of whether they are from Pre-Medical, Pre-Engineering, or Arts/General Science","FSc Group, BBA, Pre-Medical, Pre-Engineering, Admission",Business Administration
52,Can arts students apply for BBA at Sukkur IBA?,"Yes, students from any Intermediate background, including Arts, can apply for BBA as long as they meet the minimum 50% marks requirement with no supplementary and no condoned subjects.","Arts Students, BBA, Eligibility, Intermediate",Business Administration
53,I'm from Pre-Medical. Which programs can I apply for at Sukkur IBA?,"As a Pre-Medical student, you are eligible for BBA, BS programs in Computer Science, Software Engineering, Media and Communication, Agribusiness, and other programs requiring 50% in Intermediate/F.Sc. However, BE Engineering programs specifically require a Pre-Engineering background with 60% marks.","Pre-Medical, Eligible Programs, BBA, BS, Engineering",Admissions
54,Is Pre-Engineering required for BBA or can Pre-Medical students also apply?,Pre-Engineering is not required for BBA. Pre-Medical students with a minimum of 50% in Intermediate/F.Sc can apply for BBA. Pre-Engineering is specifically required for BE Engineering programs.,"Pre-Engineering, Pre-Medical, BBA, BE, Requirement",Business Administration
55,Can a student with Biology and Chemistry in FSc apply for business programs?,"Yes, a student with Biology and Chemistry (Pre-Medical) background can apply for BBA and other business programs, as long as they have secured at least 50% marks in Intermediate with no supplementary or condoned subjects.","Biology, Chemistry, Pre-Medical, BBA, Business Programs",Business Administration
56,I did FSc Pre-Medical. Can I study Computer Science at Sukkur IBA?,"Yes, you can. The eligibility criteria for BS Computer Science and Software Engineering require Intermediate/F.Sc with a minimum of 50% marks — there is no restriction on the FSc group.","Pre-Medical, Computer Science, Software Engineering, BS, Eligibility",Computer Science
57,What is the eligibility for BE Engineering programs?,"For BE Engineering programs (Electrical Engineering, Energy Systems Engineering, and Computer Systems Engineering), candidates must have Intermediate/F.Sc in the Pre-Engineering group with a minimum of 60% marks, passed in the annual examination with no supplementary and no subjects condoned by the Board.","BE, Engineering, Eligibility, Pre-Engineering, 60%",Electrical Engineering
58,How much percentage is required for BE at Sukkur IBA?,"A minimum of 60% marks in Intermediate/F.Sc (Pre-Engineering group) is required for BE programs, with no supplementary and no condoned subjects.","BE, Percentage, 60%, Pre-Engineering",Electrical Engineering
59,What FSc group is required for engineering admission at Sukkur IBA?,"Candidates applying for BE Engineering programs must have FSc in the Pre-Engineering group. The minimum required marks are 60%, with no supplementary and no condoned subjects.","FSc Group, Pre-Engineering, Engineering, Admission",Electrical Engineering
60,Can a Pre-Medical student join BE Electrical Engineering?,"No, Pre-Medical students are not eligible for BE Electrical Engineering. The program specifically requires Intermediate/F.Sc in the Pre-Engineering group with a minimum of 60% marks.","Pre-Medical, BE Electrical, Engineering, Ineligible",Electrical Engineering
61,What are the engineering programs offered at Sukkur IBA and their requirements?,"Sukkur IBA offers BE programs in Electrical Engineering (Electronics, Power, Communication), Energy Systems Engineering (Renewable), and Computer Systems Engineering. All require Intermediate/F.Sc in the Pre-Engineering group with a minimum of 60% marks, with no supplementary and no condoned subjects.","Engineering Programs, BE, Requirements, Pre-Engineering",Electrical Engineering
62,Is 55% in FSc Pre-Engineering enough for BE admission?,"No, 55% is not sufficient. BE programs at Sukkur IBA require a minimum of 60% marks in Intermediate/F.Sc (Pre-Engineering group), with no supplementary and no condoned subjects.","55%, FSc, Pre-Engineering, BE, Insufficient",Electrical Engineering
63,What is the minimum CGPA or percentage for BE Engineering at Sukkur IBA?,There is no CGPA requirement for BE undergraduate admission. Candidates need a minimum of 60% marks in Intermediate/F.Sc (Pre-Engineering group) to be eligible for BE Engineering programs.,"CGPA, Percentage, BE Engineering, Minimum, Eligibility",Electrical Engineering
64,Does Sukkur IBA offer Computer Systems Engineering and what are its requirements?,"Yes, Sukkur IBA offers BE in Computer Systems Engineering. The eligibility requires Intermediate/F.Sc in the Pre-Engineering group with a minimum of 60% marks, passed in the annual examination with no supplementary and no condoned subjects.","Computer Systems Engineering, BE, Requirements, Pre-Engineering",Electrical Engineering
65,What is the process for provisional admission?,"Provisional admission is granted to applicants whose final year HSC/A-Level results have not yet been announced. They must provide their first year marks sheet showing no shortcomings in any subject. If their final results subsequently fail to meet the minimum admission requirements, the provisional admission will be cancelled and any paid fees will be refunded.","Provisional Admission, Process, HSC, Results, Refund",Admissions
66,How does provisional admission work at Sukkur IBA?,"If your final year results are not yet out, you can be considered for provisional admission by submitting your first year marks sheet with no shortcomings. Once your final results are announced, if they don't meet the minimum requirements, your admission is cancelled and fees are refunded.","Provisional Admission, How It Works, Final Results, Fees",Admissions
67,Can my provisional admission be cancelled?,"Yes, provisional admission can be cancelled if your final year exam results do not meet the minimum admission requirements of Sukkur IBA. In that case, the paid fees will be fully refunded.","Provisional Admission, Cancelled, Final Results, Refund",Admissions
68,Will I get a refund if my provisional admission is cancelled?,"Yes, if your provisional admission is cancelled because your final results don't meet the minimum requirements, Sukkur IBA will refund your paid fees.","Refund, Provisional Admission, Cancelled, Fees",Admissions
69,What documents are needed for provisional admission?,"For provisional admission, you need to submit your first year HSC/A-Level (or equivalent) marks sheet showing no shortcomings in any subject. Your SSC/O-Level certificate with mark sheets is also required.","Provisional Admission, Documents, First Year, Marks Sheet",Admissions
70,What are the conditions for being granted provisional admission?,"To be granted provisional admission, applicants must not have any shortcomings in the first year of their HSC/A-Level examinations. Final admission will be confirmed only if the final year results meet Sukkur IBA's minimum eligibility requirements.","Conditions, Provisional Admission, First Year, HSC, Eligibility",Admissions
71,Is provisional admission available for graduate programs too?,"Yes, provisional admission is available for graduate programs as well. Graduate applicants whose final year results are not announced must provide their first year graduation marks sheet showing no shortcomings in any subject.","Provisional Admission, Graduate, Final Year, Marks Sheet",Admissions
72,How long does provisional admission last at Sukkur IBA?,"The policy does not specify a time duration for provisional admission. It remains valid until the applicant's final year results are announced. If the results meet the minimum requirements, admission is confirmed; otherwise, it is cancelled and fees are refunded.","Provisional Admission, Duration, Results, Confirmed",Admissions
73,Can I transfer credits from another university?,"No, Sukkur IBA does not accept any credit transfer from any other university or institution. All students must complete their program requirements at Sukkur IBA.","Credit Transfer, University, Policy, Not Accepted",Admissions
74,Does Sukkur IBA allow credit transfers from other universities?,"No, Sukkur IBA explicitly does not accept credit transfers from any other university or institution.","Credit Transfer, Not Allowed, University, Policy",Admissions
75,I studied some courses at another university. Can those credits count at Sukkur IBA?,"Unfortunately, no. Sukkur IBA's policy clearly states that it does not accept any credit transfer from any other university or institution. You would need to complete all required courses at Sukkur IBA.","Courses, Credit Transfer, Policy, Not Accepted",Admissions
76,Can I get exemptions for courses I already studied elsewhere?,"No, Sukkur IBA does not accept credit transfers or course exemptions from any other university or institution. All course requirements must be fulfilled at Sukkur IBA.","Exemptions, Courses, Credit Transfer, Policy",Admissions
77,What is the credit transfer policy at Sukkur IBA?,Sukkur IBA's policy clearly states that it does not accept any credit transfer from any other university or institution. There is no provision for transferring previously earned credits.,"Credit Transfer Policy, Sukkur IBA, No Transfer",Admissions
78,I'm transferring from another university. Will my previous credits be accepted?,"No, your previous credits will not be accepted. Sukkur IBA does not accept credit transfers from any other university or institution, regardless of where you are transferring from.","Transfer Student, Credits, Not Accepted, Policy",Admissions
79,Is it possible to get credit for prior learning or previous coursework at Sukkur IBA?,"No, Sukkur IBA does not accept credit transfers or recognize prior learning credits from any other university or institution. Students must complete all coursework at Sukkur IBA.","Prior Learning, Credit, Coursework, Not Accepted",Admissions
80,"If I studied two years at another university, can I join the third year directly at Sukkur IBA?","No, this is not possible under Sukkur IBA's credit transfer policy. The institution does not accept credit transfers from any other university or institution, so you cannot join a program midway based on your prior studies elsewhere.","Direct Admission, Third Year, Credit Transfer, Policy",Admissions
81,What is the total fee per semester for BBA/BS?,"The total fee per semester for BBA/BS programs is Rs. 95,000 (for the first semester). From the second semester onward, the subsequent semester fee is Rs. 78,000.","BBA, BS, Total Fee, Semester, Fee Structure",Business Administration
82,How much do I need to pay per semester for a BBA or BS program?,"For the first semester of BBA/BS programs, the total fee is Rs. 95,000. Subsequent semesters cost Rs. 78,000 each.","BBA, BS, Semester Fee, Payment",Business Administration
83,What is the semester fee for bachelor's programs at Sukkur IBA?,"The first semester fee for Bachelor's (BBA/BS) programs is Rs. 95,000. From the second semester onwards, the fee is Rs. 78,000 per semester.","Bachelor's, Semester Fee, BBA, BS",Admissions
84,How much is the first semester fee for BBA?,"The first semester fee for BBA is Rs. 95,000, which includes admission fee (Rs. 15,000), tuition fee (Rs. 51,800), development fee (Rs. 13,000), exam material fee (Rs. 5,700), lab cum library fee (Rs. 5,700), SISC contribution (Rs. 1,000), page/spider charges (Rs. 800), and library security refundable deposit (Rs. 2,000).","BBA, First Semester, Fee Breakdown, Rs. 95,000",Business Administration
85,What will I be charged each semester for BS at Sukkur IBA?,"For the first semester of a BS program, the fee is Rs. 95,000. For all subsequent semesters, it is Rs. 78,000.","BS, Semester Charge, Fee, Sukkur IBA",Business Administration
86,Is the BBA semester fee the same every semester?,"No, the first semester fee is Rs. 95,000, which includes the one-time admission fee and refundable library security deposit. From the second semester onward, the fee is Rs. 78,000.","BBA, Semester Fee, First Semester, Subsequent Semester",Business Administration
87,What components make up the BBA/BS semester fee?,"The BBA/BS semester fee (Rs. 95,000) includes: Admission Fee (Rs. 15,000), Tuition Fee (Rs. 51,800), Development Fee (Rs. 13,000), Exam Material Fee (Rs. 5,700), Lab Cum Library Fee (Rs. 5,700), SISC Contribution (Rs. 1,000), Page/Spider Charges (Rs. 800), and Library Security Refundable Deposit (Rs. 2,000).","BBA, BS, Fee Components, Breakdown, Semester",Business Administration
88,How much will I pay in total for the second semester of my BBA?,"From the second semester onward, the BBA/BS program fee is Rs. 78,000 per semester.","BBA, Second Semester, Subsequent Fee, Rs. 78,000",Business Administration
89,Is the admission fee separate from tuition fee?,"Yes, the admission fee is listed separately from the tuition fee. For BBA/BS programs, the admission fee is Rs. 15,000 and the tuition fee is Rs. 51,800, making them two distinct charges within the total semester fee.","Admission Fee, Tuition Fee, Separate, BBA, BS",Admissions
90,Are admission charges included in the tuition fee or billed separately?,"Admission charges are billed separately from the tuition fee. In the BBA/BS fee structure, the admission fee (Rs. 15,000) and tuition fee (Rs. 51,800) are listed as two separate line items.","Admission Charges, Tuition Fee, Separate, Fee Structure",Admissions
91,Does the tuition fee cover all charges at Sukkur IBA?,"No, the tuition fee does not cover all charges. The total semester fee includes several separate components: admission fee, tuition fee, development fee, exam material fee, lab cum library fee, SISC contribution, page/spider charges, and library security deposit.","Tuition Fee, All Charges, Components, Fee Structure",Admissions
92,What is the difference between admission fee and tuition fee?,"The admission fee (Rs. 15,000 for BBA/BS) is a one-time charge paid at the time of joining, while the tuition fee (Rs. 51,800) is the core academic charge paid each semester. Both are separate items in the fee structure.","Admission Fee, Tuition Fee, Difference, BBA, BS",Admissions
93,"Is the Rs. 15,000 admission fee part of the Rs. 95,000 total?","Yes, the Rs. 15,000 admission fee is included within the total first semester fee of Rs. 95,000 for BBA/BS programs. It is one of the several components that make up the total.","Admission Fee, Rs. 15,000, Total Fee, Rs. 95,000, BBA",Business Administration
94,Do I pay the admission fee every semester?,"Based on the fee structure, the admission fee appears as part of the first semester fee. The subsequent semester fee for BBA/BS is Rs. 78,000, which is lower than the first semester total, suggesting the admission fee is a one-time charge.","Admission Fee, Every Semester, One-Time, BBA, BS",Admissions
95,What fees are charged on top of tuition at Sukkur IBA?,"In addition to tuition fee, students are charged: admission fee, development fee, exam material fee, lab cum library fee, SISC contribution, page/spider charges, and a refundable library security deposit — all listed separately in the fee structure.","Additional Fees, Tuition, Development, Exam, Library, SISC",Admissions
96,Is the development fee separate from the tuition fee?,"Yes, the development fee is a separate charge. For BBA/BS programs, the development fee is Rs. 13,000 and is listed independently from the tuition fee of Rs. 51,800 in the fee structure.","Development Fee, Tuition Fee, Separate, BBA, BS",Admissions
97,What is the fee for BBA Agribusiness?,"The total first semester fee for BBA Agribusiness is Rs. 14,000, which includes the admission fee, tuition fee (Rs. 12,000), SISC contribution, and a refundable library security deposit (Rs. 2,000). The subsequent semester fee is Rs. 12,000.","BBA Agribusiness, Fee, Semester, Rs. 14,000",Business Administration
98,How much does BBA Agribusiness cost per semester?,"The first semester fee for BBA Agribusiness is Rs. 14,000. From the second semester onward, the fee is Rs. 12,000 per semester.","BBA Agribusiness, Cost, Semester, Rs. 12,000",Business Administration
99,Is the BBA Agribusiness fee different from regular BBA?,"Yes, the BBA Agribusiness fee is significantly lower. The first semester fee for BBA Agribusiness is Rs. 14,000 (subsequent: Rs. 12,000), compared to Rs. 95,000 (subsequent: Rs. 78,000) for regular BBA/BS programs.","BBA Agribusiness, Regular BBA, Fee Difference, Comparison",Business Administration
100,What is the tuition fee for BBA Agribusiness at Sukkur IBA?,"The tuition fee for BBA Agribusiness is Rs. 12,000 per semester. The total first semester fee, including SISC contribution and refundable library security, comes to Rs. 14,000.","BBA Agribusiness, Tuition Fee, Rs. 12,000, Semester",Business Administration
101,Is BBA Agribusiness cheaper than other BBA programs?,"Yes, BBA Agribusiness is considerably more affordable. Its first semester fee is Rs. 14,000 (subsequent: Rs. 12,000), while the standard BBA/BS first semester fee is Rs. 95,000 (subsequent: Rs. 78,000).","BBA Agribusiness, Cheaper, Affordable, Comparison, BBA",Business Administration
102,How much will I pay from the second semester onward for BBA Agribusiness?,"From the second semester onward, the fee for BBA Agribusiness is Rs. 12,000 per semester.","BBA Agribusiness, Second Semester, Subsequent Fee, Rs. 12,000",Business Administration
103,What does the BBA Agribusiness fee include?,"The BBA Agribusiness first semester fee of Rs. 14,000 includes the admission fee, tuition fee (Rs. 12,000), SISC contribution, and a refundable library security deposit (Rs. 2,000).","BBA Agribusiness, Fee Breakdown, Components, Rs. 14,000",Business Administration
104,Is BBA Agribusiness fee the same every semester?,"No, the first semester fee is Rs. 14,000, which includes the one-time admission fee and refundable library security. The subsequent semester fee is Rs. 12,000.","BBA Agribusiness, Fee, Every Semester, First vs Subsequent",Business Administration
105,How much is the library security deposit (refundable)?,"The refundable library security deposit is Rs. 2,000 for BBA/BS, Master's, BBA Agribusiness, Mathematics, and B.Ed programs. This amount is refundable upon completion or exit from the program.","Library Security, Refundable Deposit, Rs. 2,000, Fee",Admissions
106,Is the library deposit at Sukkur IBA refundable?,"Yes, the library security deposit is refundable. It is Rs. 2,000 for most programs including BBA/BS, MBA, BBA Agribusiness, Mathematics, and B.Ed.","Library Deposit, Refundable, Rs. 2,000, Programs",Admissions
107,How much do I have to pay as a library security fee?,"The library security deposit is Rs. 2,000 for most programs (BBA/BS, MBA, Agribusiness, Mathematics, B.Ed). It is a refundable amount included in the first semester fee.","Library Security Fee, Rs. 2,000, Refundable, Semester",Admissions
108,Will I get back the library deposit when I leave Sukkur IBA?,"Yes, the library security deposit is clearly labeled as refundable in the fee structure. It is Rs. 2,000 for most programs and should be returned upon your departure or program completion.","Library Deposit, Refund, Leave, Program Completion",Admissions
109,What is the purpose of the library security deposit?,"The library security deposit is a refundable fee charged to students to cover any potential damage or loss of library materials. It is Rs. 2,000 for most programs at Sukkur IBA and is returned when no longer required.","Library Security, Purpose, Refundable, Rs. 2,000",Admissions
110,"Is the Rs. 2,000 library security included in the total semester fee?","Yes, the Rs. 2,000 refundable library security deposit is included as part of the total first semester fee across most programs, including BBA/BS (Rs. 95,000 total) and MBA.","Library Security, Rs. 2,000, Included, Semester Fee",Admissions
111,Does the library security deposit amount vary by program?,"Based on the fee structure provided, the library security deposit is Rs. 2,000 for BBA/BS, MBA, BBA Agribusiness, Mathematics, and B.Ed programs. It is consistently Rs. 2,000 across all listed programs.","Library Security, Deposit, Varies, Programs, Rs. 2,000",Admissions
112,Is the library deposit charged every semester or only once?,"The library security deposit appears as part of the first semester fee structure. Since it is refundable and not listed as a recurring charge, it is likely a one-time deposit collected at the beginning of the program.","Library Deposit, One-Time, Every Semester, Refundable",Admissions
113,Does the fee differ for Mathematics or Education programs?,"Yes, the fee structure differs for Mathematics and Education (B.Ed) programs. Both have a first semester fee of Rs. 25,000 (subsequent: Rs. 23,000), which is significantly lower than BBA/BS (Rs. 95,000 first semester, Rs. 78,000 subsequent).","Mathematics, Education, B.Ed, Fee Difference, Programs",Mathematics / Education
114,Is the semester fee for BS Mathematics the same as BBA?,"No, BS Mathematics has a much lower fee. The first semester fee for Mathematics is Rs. 25,000 (subsequent: Rs. 23,000), compared to Rs. 95,000 (subsequent: Rs. 78,000) for BBA/BS programs.","BS Mathematics, BBA, Fee Comparison, Semester",Mathematics
115,How much is the fee for B.Ed program at Sukkur IBA?,"The first semester fee for the B.Ed program is Rs. 25,000. The subsequent semester fee is Rs. 23,000. The fee includes admission fee, tuition fee (Rs. 22,000), SISC contribution (Rs. 1,000), and refundable library security deposit (Rs. 2,000).","B.Ed, Fee, Rs. 25,000, Semester, Education",Education
116,Are Mathematics and B.Ed program fees the same?,"Yes, both the Mathematics and B.Ed programs have the same fee structure: Rs. 25,000 for the first semester and Rs. 23,000 for subsequent semesters.","Mathematics, B.Ed, Same Fee, Comparison, Rs. 25,000",Mathematics / Education
117,Why is the fee for Mathematics lower than BBA at Sukkur IBA?,"The fee structures differ because Mathematics and B.Ed programs do not include charges like development fee, exam material fee, lab cum library fee, or page/spider charges, which are part of the BBA/BS fee. This results in a significantly lower total for Mathematics (Rs. 25,000) compared to BBA/BS (Rs. 95,000).","Mathematics, BBA, Fee Difference, Lower, Components",Mathematics / Business Administration
118,What is included in the Mathematics program fee at Sukkur IBA?,"The Mathematics program first semester fee of Rs. 25,000 includes: Admission Fee (Rs. 22,000), SISC Contribution (Rs. 1,000), and Library Security Refundable Deposit (Rs. 2,000). Subsequent semesters cost Rs. 23,000","Mathematics, Fee Breakdown, Rs. 25,000, Components",Mathematics
119,How much does a student pay per semester for B.Ed at Sukkur IBA?,"A B.Ed student pays Rs. 25,000 for the first semester and Rs. 23,000 for each subsequent semester.","B.Ed, Semester Fee, Rs. 25,000, Rs. 23,000",Education
120,Is the Education program fee affordable compared to engineering or BBA?,"Yes, the B.Ed program fee (Rs. 25,000 first semester, Rs. 23,000 subsequent) is considerably more affordable than BBA/BS (Rs. 95,000 first semester) and also lower than the Energy Systems Engineering program (Rs. 47,000 first semester).","B.Ed, Affordable, Engineering, BBA, Fee Comparison",Education
121,What is the fee for MBA program?,"The first semester fee for the MBA program includes: Admission Fee (Rs. 15,000), Tuition Fee (Rs. 56,800), Development Fee (Rs. 13,000), Exam Material Fee (Rs. 5,700), Lab Cum Library Fee (Rs. 5,700), SISC Contribution (Rs. 1,000), Page/Spider Charges (Rs. 800), and a refundable Library Security Deposit (Rs. 2,000). The fee for each subsequent semester is Rs. 83,000.","MBA, Master's, Fee, Semester, Rs. 83,000",Business Administration
122,How much does the MBA program cost per semester at Sukkur IBA?,"The subsequent semester fee for the MBA (Master's) program is Rs. 83,000. The first semester fee is higher as it includes the one-time admission fee and refundable library security deposit on top of the recurring charges.","MBA, Cost, Semester, Rs. 83,000",Business Administration
123,What is the tuition fee for MBA at Sukkur IBA?,"The tuition fee for the MBA (Master's) program is Rs. 56,800 per semester, which is separate from other charges like development fee, exam material fee, and admission fee.","MBA, Tuition Fee, Rs. 56,800, Master's",Business Administration
124,Is MBA more expensive than BBA at Sukkur IBA?,"The subsequent semester fee for MBA is Rs. 83,000, compared to Rs. 78,000 for BBA/BS. So yes, the MBA is slightly more expensive per semester than BBA/BS from the second semester onward.","MBA, BBA, Fee Comparison, Expensive, Semester",Business Administration
125,What are the fee components for the MBA program?,"The MBA (Master's) program fee includes: Admission Fee (Rs. 15,000), Tuition Fee (Rs. 56,800), Development Fee (Rs. 13,000), Exam Material Fee (Rs. 5,700), Lab Cum Library Fee (Rs. 5,700), SISC Contribution (Rs. 1,000), Page/Spider Charges (Rs. 800), and Library Security Refundable Deposit (Rs. 2,000).","MBA, Fee Components, Breakdown, Master's",Business Administration
126,How much will I pay from the second semester of MBA onward?,"From the second semester onward, the MBA (Master's) program fee is Rs. 83,000 per semester.","MBA, Second Semester, Subsequent Fee, Rs. 83,000",Business Administration
127,What is the admission fee for the MBA program?,"The admission fee for the MBA (Master's) program is Rs. 15,000, which is the same as the BBA/BS admission fee and is included in the first semester fee.","MBA, Admission Fee, Rs. 15,000, Master's",Business Administration
128,Does the MBA program have a development fee?,"Yes, the MBA (Master's) program includes a development fee of Rs. 13,000, which is the same as the BBA/BS development fee and is part of the total semester fee.","MBA, Development Fee, Rs. 13,000, Master's",Business Administration
129,What is the minimum CGPA required to continue studies?,"A student must maintain a minimum CGPA of 2.2 on a cumulative basis throughout their stay at Sukkur IBA. A student with a CGPA between 2.0 and 2.2 is placed on probation for one semester and must improve to at least 2.2, failing which they may be dropped from the institute.","Minimum CGPA, 2.2, Continue Studies, Probation",Academic Affairs
130,How much CGPA do I need to maintain at Sukkur IBA?,"You must maintain a minimum cumulative CGPA of 2.2 at all times. Falling between 2.0 and 2.2 puts you on academic probation, and falling below 2.0 or failing to recover to 2.2 may result in being dropped from the program.","CGPA, Maintain, 2.2, Academic Standing",Academic Affairs
131,What is the CGPA threshold to avoid academic probation?,"You need a cumulative CGPA of at least 2.2 to avoid academic probation. A CGPA between 2.0 and 2.2 places you on probation for one semester, during which you must raise it back to 2.2.","CGPA, Probation, 2.2, Threshold",Academic Affairs
132,What is the minimum GPA needed to graduate from Sukkur IBA?,"To be eligible for a degree, your CGPA in the final semester must be at least 2.2. If it is between 2.0 and 2.2, you may be required to repeat courses or a semester to bring it up. If you fail to achieve 2.2, you will not be eligible for the degree, though a transcript of credits earned will be issued.","Minimum GPA, Graduation, 2.2, Degree Eligibility",Academic Affairs
133,Can I continue my program if my CGPA is 2.0?,"Yes, but only conditionally. A CGPA between 2.0 and 2.2 places you on academic probation for one semester. You are required to improve your CGPA to at least 2.2 during that semester. If improvement is shown but CGPA is still below 2.2, probation may be extended; otherwise, you may be dropped.","CGPA 2.0, Probation, Continue Program, Academic Standing",Academic Affairs
134,What CGPA must I maintain throughout my degree at Sukkur IBA?,"You must maintain a cumulative CGPA of 2.2 or above throughout your degree program. The CGPA is computed at the end of each semester, including summer semesters.","CGPA, Degree, 2.2, Throughout, Semester",Academic Affairs
135,Is 2.0 CGPA acceptable at Sukkur IBA?,A CGPA of 2.0 is not fully acceptable — it places you on academic probation for one semester. You must raise your CGPA to the minimum of 2.2 within that probationary period or risk being dropped from the program.,"2.0 CGPA, Acceptable, Probation, Academic Policy",Academic Affairs
136,What is the required CGPA to be awarded a degree at Sukkur IBA?,A minimum CGPA of 2.2 is required for the award of a degree. Students whose final semester CGPA is between 2.0 and 2.2 are given up to two years to bring it up to 2.2. Those who fail to do so will not receive a degree but will be issued a transcript of credits earned.,"CGPA, Degree Award, 2.2, Final Semester, Transcript",Academic Affairs
137,What happens if my CGPA falls below 2.2?,"If your CGPA falls between 2.0 and 2.2, you are placed on academic probation for one semester. If you show improvement but your CGPA is still below 2.2, the probation may be extended for another semester. If you still fail to reach 2.2, you will be dropped from the rolls of the institute.","CGPA Below 2.2, Probation, Dropped, Academic Policy",Academic Affairs
138,Will I be expelled if my CGPA drops below 2.2?,"Not immediately. A CGPA between 2.0 and 2.2 first results in academic probation for one semester. If you fail to improve to 2.2 by the end of the probationary period (or extended probation), you will be dropped from the institute as per its drop policy.","CGPA, Expelled, Probation, Drop Policy",Academic Affairs
139,What is the probation rule for low CGPA at Sukkur IBA?,"A student with a CGPA between 2.0 and 2.2 is placed on probation for one semester. During this period, the student must raise their CGPA to at least 2.2. If they show improvement but still fall short, probation may be extended once more. Continued failure results in being dropped from the program.","Probation, Low CGPA, 2.0 to 2.2, Academic Rul",Academic Affairs
140,Can I be dropped from Sukkur IBA for low grades?,"Yes. If your CGPA falls between 2.0 and 2.2, you are put on academic probation. If you fail to bring your CGPA up to 2.2 after the probationary and possible extension period, you will be dropped from the institute's rolls.","Dropped, Low Grades, CGPA, Probation, Policy",Academic Affairs
141,What happens to a dropped student at Sukkur IBA?,"Dropped students in a 4-year program may rejoin from the first semester without appearing in the entry test if dropped during the 1st or 2nd year. If dropped during the 3rd or 4th year, they may be regularized under the term-back policy. Similar provisions exist for 3.5-year and MBA programs","Dropped Student, Rejoin, Term Back Policy, Entry Test",Academic Affairs
142,Does a low CGPA affect my degree eligibility at Sukkur IBA?,"Yes. If your CGPA in the final semester is below 2.2 but not below 2.0, you are required to repeat courses or a semester to bring it up. If you succeed, you become eligible for the degree. If you fail to reach 2.2 within two years, you will not receive a degree — only a transcript of credits earned.","Low CGPA, Degree Eligibility, Final Semester, Transcript",Academic Affairs
143,How long do I have to improve my CGPA before being dropped?,"If your CGPA is between 2.0 and 2.2 in the final semester, you are given a maximum of two years to bring it up to 2.2. During the program, you are first put on probation for one semester, with a possible one-semester extension, before being dropped.","Improve CGPA, Time Limit, Two Years, Dropped, Probation",Academic Affairs
144,What is the 50% marks rule in final examination?,"Sukkur IBA requires every student to obtain at least 50% marks in the final examination of every course to pass it. This means scoring a minimum of 20 out of 40 or 25 out of 50 marks in the final theory exam, and at least 10 out of 20 in a final viva/voce/practical examination.","50% Rule, Final Examination, Pass, Minimum Marks",Academic Affairs
145,Do I need to score 50% in the final exam to pass a course?,"Yes, obtaining at least 50% in the final examination is compulsory to pass any course at Sukkur IBA. You must score a minimum of 20/40 or 25/50 in theory finals, and 10/20 in practical/viva finals.","50%, Final Exam, Pass Course, Minimum Score",Academic Affairs
146,What is the minimum score required in the final exam at Sukkur IBA?,"The minimum required score in the final examination is 50%. Specifically, a student must score at least 20 out of 40 (or 25 out of 50) in theory finals and at least 10 out of 20 in a viva/practical final examination.","Minimum Score, Final Exam, 50%, Theory, Practical",Academic Affairs
147,Can I pass a course even if I score below 50% in the final exam?,"No. Sukkur IBA has a strict policy requiring at least 50% marks in the final examination of every course. Even if your overall semester performance is strong, failing to achieve 50% in the final exam means you cannot pass the course.","Below 50%, Final Exam, Pass, Course Policy",Academic Affairs
148,What is the 20/40 rule in Sukkur IBA's exams?,The 20/40 rule means a student must score at least 20 marks out of 40 (equivalent to 50%) in the final theory examination to pass a course. This is part of Sukkur IBA's policy to maintain quality of education.,"20/40 Rule, Final Exam, 50%, Theory Examination",Academic Affairs
149,How much do I need to score in viva or practical exams to pass?,"In a final viva/voce or practical examination, you must score at least 10 out of 20 marks (50%) to pass. If you fail the practical but pass the theory, or vice versa, you must repeat the entire course including both theory and practical components.","Viva, Practical Exam, 10/20, Pass, 50%",Academic Affairs
150,What is Sukkur IBA's policy on passing marks in final exams?,Sukkur IBA requires a minimum of 50% marks in the final examination of every course. Students must obtain at least 20/40 or 25/50 in theory finals and 10/20 in practical/viva finals. Failing to meet this threshold in either component requires repeating the entire course.,"Passing Marks, Final Exam, Policy, 50%, Theory, Practical",Academic Affairs
151,What happens if I fail the practical but pass the theory exam?,"If you pass the theory examination but fail the practical examination, you must repeat the complete course — including both theory and practical components. The same applies if you fail theory but pass practical.","Fail Practical, Pass Theory, Repeat Course, Policy",Academic Affairs
152,Can I repeat a course to improve my grade?,"Yes, students are allowed to repeat courses to improve their grades. The higher of the two grades will be treated as the final result with no averaging. The improved grade will appear on the transcript, and the final CGPA will be calculated based on the better of the two attempts.","Repeat Course, Improve Grade, CGPA, Transcript",Academic Affairs
153,"If I retake a course, which grade will count — old or new?","The higher of the two grades will count. If your repeated attempt results in a better grade, that new grade replaces the old one on your transcript. If your new grade is lower, your previous grade remains valid.","Retake Course, Higher Grade, Transcript, Old Grade, New Grade",Academic Affairs
154,Will repeating a course affect my CGPA?,"Yes, in a positive way if you score better. The final CGPA is calculated based on the higher of the two attempts. However, if you score lower in the repeated attempt, your previous grade stands and your CGPA is unaffected.","Repeat Course, CGPA, Higher Grade, Academic Policy",Academic Affairs
155,Is there a fee for repeating a course at Sukkur IBA?,"Yes, all cases of course repetition for grade improvement are charged an additional course fee","Repeat Course, Fee, Additional Charges, Grade Improvement",Academic Affairs
156,Can I improve my grade after getting a poor result in a course?,"Yes, you can repeat a course to improve your grade. The higher grade from either attempt will be treated as the final result and will appear on your transcript. However, dropout students are not eligible to improve grades this way","Improve Grade, Poor Result, Repeat, Transcript, Policy",Academic Affairs
157,Will repeating a course make me ineligible for Dean's List or Gold Medal?,Yes. A student who repeats a course for grade improvement will not be eligible for nomination to the Gold Medal or Dean's List.,"Dean's List, Gold Medal, Repeat Course, Ineligible",Academic Affairs
158,Can a dropout student repeat courses to improve their grades?,"No, dropout students are not eligible to repeat courses for grade improvement. This facility is only available to currently enrolled students.","Dropout, Repeat Course, Grade Improvement, Ineligible",Academic Affairs
159,Does the improved grade replace the old one on my transcript?,"Yes, the new higher grade will appear on the transcript. If the repeated attempt results in a lower grade, the previous grade remains valid and continues to appear on the transcript.","Improved Grade, Transcript, Replace, Old Grade",Academic Affairs
160,What is the attendance policy (number of allowed absences)?,"Students are allowed a maximum of six absences per course in a regular semester. If absences exceed eight (even for genuine reasons), the student will be allowed to withdraw with a ""W"" grade. If absences exceed nine, the student is automatically awarded an ""F"" grade in that course, regardless of the reason.","Attendance Policy, Absences, Six Absences, F Grade, W Grade",Academic Affairs
161,How many classes can I miss before failing a course?,"You can miss up to six classes without serious consequence. If your absences reach eight, you may be allowed to withdraw (W). If absences exceed nine, you will receive an automatic ""F"" grade in that course.","Absences, Miss Class, Fail, F Grade, Attendance",Academic Affairs
162,What happens if I miss more than 6 classes at Sukkur IBA?,"Missing more than 6 classes puts you at risk. If your absences reach up to eight, you may be allowed a ""W"" (withdrawal). If they exceed nine, you will be awarded an ""F"" grade in that course regardless of the reason.","Miss Classes, 6 Absences, Withdrawal, F Grade, Policy",Academic Affairs
163,Can I be marked absent for being late to class?,Yes. Late comers are marked absent even if they arrive just one minute late. No excuse is acceptable in this regard.,"Late, Absent, Attendance, One Minute, Policy",Academic Affairs
164,Is there a maximum number of absences allowed per semester?,"Yes. Students are allowed a maximum of six absences per course in a regular semester. Exceeding eight absences may result in a forced withdrawal (W), and exceeding nine results in an automatic ""F"" grade.","Maximum Absences, Semester, Six, F Grade, Withdrawal",Academic Affairs
165,What is the attendance rule during summer session?,"During the summer session, students are allowed only three absences. This is fewer than the six absences permitted in a regular semester.","Summer Session, Attendance, Three Absences, Policy",Academic Affairs
166,Will I get an F if I miss too many classes?,"Yes. If your absences exceed nine in any course (for any reason), you will be awarded an ""F"" grade in that course. If absences reach eight, you may be allowed to withdraw with a ""W"" grade instead.","F Grade, Absences, Nine, Miss Classes, Policy",Academic Affairs
167,Can I withdraw from a course due to excessive absences?,"You may be allowed to withdraw (W) if your absences reach up to eight. However, once your absences exceed the permissible limit in a course, you are no longer allowed to withdraw and will instead receive an ""F"" grade.","Withdraw, Excessive Absences, W Grade, F Grade, Policy",Academic Affairs
168,Is there a makeup exam policy for missed exams?,"No makeup exam is allowed for missing term or final exams for any reason whatsoever, except on medical grounds. Medical makeup exams must be authenticated by a recognized hospital in extremely serious cases. The disciplinary committee may allow makeup exams for mid-terms only, and this facility is limited to only one of the two term examinations in a semester. An additional fee is charged for makeup examinations.","Makeup Exam, Missed Exam, Medical Grounds, Mid-Term, Policy",Academic Affairs
169,Can I take a makeup exam if I miss my final at Sukkur IBA?,"No, makeup exams are not allowed for missed final examinations under any circumstances. The makeup exam facility is available for mid-term exams only, and only on medical grounds authenticated by a recognized hospital.","Makeup Exam, Final Exam, Not Allowed, Medical, Mid-Term",Academic Affairs
170,Under what conditions can I take a makeup exam?,"Makeup exams are only permitted for mid-term examinations and only on medical grounds in extremely serious cases. The medical reason must be authenticated by a recognized hospital, and the disciplinary committee's decision is final. This facility is available for only one of the two term examinations per semester.","Makeup Exam, Conditions, Medical, Mid-Term, Disciplinary Committee",Academic Affairs
171,Is there any fee for makeup examinations at Sukkur IBA?,"Yes, an additional fee is charged for each course for which a student takes a makeup examination.","Makeup Exam, Fee, Additional Charges, Policy",Academic Affairs
172,Will I be allowed a makeup exam if I miss it due to a family emergency?,"No. The policy states that no makeup exam is allowed for missing exams for any reason whatsoever, except on medical grounds in extremely serious cases authenticated by a recognized hospital. Family emergencies are not listed as valid reasons.","Makeup Exam, Family Emergency, Not Allowed, Policy",Academic Affairs
173,Can I get a makeup exam for both mid-term exams in a semester?,"No. The makeup exam facility is limited to only on.e of the two term examinations in a semester, and only under medical grounds authenticated by a recognized hospital","Makeup Exam, Both Mid-Terms, One Allowed, Policy, Semester",Academic Affairs
174,Who decides whether a makeup exam will be allowed?,The disciplinary committee at Sukkur IBA considers and decides whether a makeup exam will be allowed for mid-term examinations. The committee's decision in this regard is final.,"Makeup Exam, Disciplinary Committee, Decision, Mid-Term",Academic Affairs
175,Is a doctor's certificate enough to get a makeup exam at Sukkur IBA?,A doctor's certificate alone may not be sufficient. The policy requires authentication by a recognized hospital for extremely serious medical cases. The disciplinary committee reviews such cases and makes the final decision.,"Doctor Certificate, Makeup Exam, Recognized Hospital, Medical, Policy",Academic Affairs
176,How is the final grade calculated (mid-term vs final exam weightage)?,"The final grade is calculated with 60% weightage given to mid-semester work (which includes term exams, quizzes, assignments, presentations, and class discussions) and 40% weightage given to the final semester examination. Additionally, scoring at least 50% in the final exam is compulsory to pass the course.","Final Grade, Mid-Term, Weightage, 60%, 40%, Final Exam",Academic Affairs
177,What percentage of my grade comes from the final exam?,"The final semester examination contributes 40% to your overall course grade. The remaining 60% comes from mid-semester work, which includes term exams, quizzes, assignments, presentations, and class discussions.","Final Exam, 40%, Grade, Weightage, Mid-Semester",Academic Affairs
178,How much does the mid-semester work count towards my final grade?,"Mid-semester work accounts for 60% of your final grade. This includes both term examinations, surprise quizzes, written assignments, class discussions, research reports, and presentations.","Mid-Semester, 60%, Final Grade, Quizzes, Assignments",Academic Affairs
179,Does class participation affect my grade at Sukkur IBA?,"Yes, class discussions are part of the mid-semester evaluation components, which together contribute 60% to the final grade. Other components include term exams, quizzes, written assignments, research reports, and presentations.","Class Participation, Grade, Mid-Semester, 60%, Discussion",Academic Affairs
180,How are quizzes counted in the final grade at Sukkur IBA?,"Quizzes are part of the mid-semester evaluation, which contributes 60% to the final grade. A number of surprise quizzes are conducted throughout the semester to assess student performance.","Quizzes, Final Grade, Mid-Semester, 60%, Surprise Quizzes",Academic Affairs
181,Is the final exam more important than the mid-semester work?,"No. Mid-semester work carries more weight, contributing 60% to the final grade, while the final exam contributes only 40%. However, scoring at least 50% in the final exam is still compulsory to pass the course.","Final Exam, Mid-Semester, Weightage, 60%, 40%, Importance",Academic Affairs
182,What components are included in the 60% mid-semester grade?,"The 60% mid-semester grade is made up of two term examinations, surprise quizzes, class discussions, written assignments, research reports, and presentations delivered during the semester.","Mid-Semester, 60%, Components, Term Exams, Quizzes, Assignments",Academic Affairs
183,Can I pass a course with a good mid-semester score even if I do poorly in the final?,"Not necessarily. While mid-semester work carries 60% of the grade, you are still required to score at least 50% in the final examination to pass the course. Failing to achieve 50% in the final exam means you cannot pass, regardless of your mid-semester performance.","Mid-Semester Score, Final Exam, 50% Rule, Pass, Policy",Academic Affairs
184,Is hostel accommodation available for boys and girls?,"Yes, Sukkur IBA offers on-campus accommodation for both male and female students. Separate hostel facilities are provided for boys and girls, along with accommodation for faculty and staff.","Hostel, Boys, Girls, Accommodation, Campus",Student Affairs
185,Does Sukkur IBA have separate hostels for male and female students?,"Yes, Sukkur IBA provides separate on-campus hostel accommodation for male and female students. Faculty and staff accommodation is also available on campus.","Separate Hostel, Male, Female, Campus, Accommodation",Student Affairs
186,Can female students live on campus at Sukkur IBA?,"Yes, on-campus accommodation is available for female students. The hostel rooms are well-equipped with all necessary facilities for comfortable living.","Female Students, On-Campus, Hostel, Accommodation",Student Affairs
187,Is there a girls hostel at Sukkur IBA?,"Yes, Sukkur IBA provides on-campus hostel accommodation for female students separately. The rooms are well-equipped with furniture, uninterrupted power supply, internet, and other facilities.","Girls Hostel, Female, Campus, Accommodation, Facilities",Student Affairs
188,Where do students stay if they come from outside Sukkur?,"Students coming from outside Sukkur can stay in the on-campus hostels provided by Sukkur IBA. Separate accommodation is available for male and female students, with well-equipped rooms and all necessary facilities.","Outside Sukkur, Students, On-Campus, Hostel, Accommodation",Student Affairs
189,Is on-campus housing available for all students at Sukkur IBA?,"Yes, Sukkur IBA offers on-campus accommodation for both male and female students. Most rooms are shared, with some single-occupant options. Faculty and staff hostels are also available on campus.","On-Campus Housing, All Students, Shared, Single Room, Hostel",Student Affairs
190,Do faculty members also get hostel facilities at Sukkur IBA?,"Yes, Sukkur IBA provides on-campus accommodation for faculty and staff as well. Faculty and staff hostels additionally include air-conditioning facilities.","Faculty, Staff, Hostel, Air-Conditioning, Campus",Human Resources
191,Is hostel accommodation only for students or for staff too?,"Hostel accommodation at Sukkur IBA is available for students (both male and female), faculty, and staff. Faculty and staff hostels have additional facilities including air-conditioning.","Hostel, Students, Faculty, Staff, Accommodation",Student Affairs
192,"What facilities are provided in the hostel (WiFi, meals, laundry)?","Hostel rooms at Sukkur IBA are equipped with uninterrupted power supply, high-speed internet connectivity, comfortable furniture (bed, dressing table, study table, wardrobes, and chairs), shared automatic washing machines for laundry, and a food/mess facility with a freezer and appliances. Indoor games facilities are also available in every hostel.","Hostel Facilities, WiFi, Meals, Laundry, Internet, Mess",Student Affairs
193,Does the Sukkur IBA hostel have internet access?,"Yes, high-speed internet connectivity is provided in the hostels. This is listed as one of the key facilities for hostel residents.","Internet, WiFi, Hostel, High-Speed, Connectivity",Student Affairs
194,Is food provided in the Sukkur IBA hostel?,"Yes, every hostel has a separate food/mess facility furnished with furniture, a freezer, and other appliances to cater to the dining needs of hostel residents.","Food, Mess, Hostel, Meals, Facility",Student Affairs
195,Is there a washing machine facility in the hostel?,"Yes, hostel residents are provided with an automatic shared washing machine facility for their laundry needs.","Washing Machine, Laundry, Hostel, Shared, Facility",Student Affairs
196,What furniture is provided in the hostel rooms at Sukkur IBA?,"Hostel rooms are furnished with a bed, dressing table, study table, wardrobes, and chairs to ensure comfortable living for residents.","Furniture, Hostel Room, Bed, Study Table, Wardrobe",Student Affairs
197,Are there indoor games available in the hostel?,"Yes, all hostels at Sukkur IBA have indoor games facilities available for residents.","Indoor Games, Hostel, Recreational, Facilities",Student Affairs
198,Is there a power backup in the hostel at Sukkur IBA?,"Yes, hostels are equipped with uninterrupted power supply, ensuring residents are not affected by power outages.","Power Backup, Uninterrupted Power Supply, Hostel, Facility",Student Affairs
199,Do faculty hostels have air conditioning at Sukkur IBA?,"Yes, faculty and staff hostels are equipped with air-conditioning, in addition to all the other standard hostel facilities.","Air Conditioning, Faculty Hostel, Staff, Facility",Human Resources
200,Is hostel fee included in the tuition fee?,"Based on the provided information, the hostel fee is not mentioned as part of the tuition fee or semester fee structure. The fee structures listed for BBA/BS, MBA, and other programs do not include any hostel charges, suggesting the hostel fee is separate. It is recommended to contact Sukkur IBA's administration for exact hostel fee details.","Hostel Fee, Tuition Fee, Separate, Semester Fee",Finance / Student Affairs
201,Do I pay extra for staying in the hostel at Sukkur IBA?,"The hostel fee does not appear to be included in the standard semester fee structure. The listed fee components for all programs do not mention hostel charges, indicating it is likely a separate payment. Please contact the administration for the exact hostel fee","Hostel Fee, Extra Payment, Semester Fee, Administration",Finance / Student Affairs
202,Is accommodation cost covered in the semester fee?,"No, based on the available fee structure, accommodation costs are not included in the semester fee. The semester fee covers tuition, development, exam material, lab/library, and other academic charges only.","Accommodation, Semester Fee, Not Included, Cost",Finance
203,How much is the hostel fee at Sukkur IBA?,"The exact hostel fee is not mentioned in the provided information. The fee structures listed cover academic charges only and do not include hostel costs. For accurate and updated hostel fee details, please contact Sukkur IBA's administration or visit their official website.","Hostel Fee, Amount, Not Mentioned, Administration",Finance / Student Affairs
204,Is the mess or food facility free for hostel residents?,"Hostels have a mess facility. Meal charges are not included in the hostel fee. For details, contact the hostel administration.","Mess, Food Facility, Free, Hostel, Charges",Student Affairs
205,Are hostel charges separate from tuition at Sukkur IBA?,"Yes, based on the fee structures provided, hostel charges appear to be separate from tuition and academic fees. The standard semester fee structure does not include any hostel-related charges.","Hostel Charges, Separate, Tuition, Fee Structure",Finance
206,What are the total costs a student should expect beyond tuition at Sukkur IBA?,"Beyond tuition, students should expect additional costs such as development fee, exam material fee, lab/library fee, SISC contribution, page/spider charges, and a refundable library security deposit. Hostel and mess charges are likely separate and not included in the semester fee structure.","Total Cost, Beyond Tuition, Hostel, Additional Charges, Fee",Finance
207,Can I get a fee waiver for hostel accommodation?,"The provided information does not mention any hostel fee waiver policy. For details on financial assistance or waivers related to hostel accommodation, please contact Sukkur IBA's administration directly.","Fee Waiver, Hostel, Financial Assistance, Policy",Finance / Student Affairs
208,"Does the campus have a mosque, gym, or sports grounds?","Sukkur IBA’s campus has a gym, cricket ground, football ground, badminton courts, and basketball courts. There is also a mosque on campus.","Mosque, Gym, Sports Grounds, Campus Facilities, Cricket, Football",Student Affairs
209,Is there a gym on the Sukkur IBA campus?,"Yes, Sukkur IBA has a fully functional fitness gym available to both on-campus residents and day scholars.","Gym, Fitness, Campus, Facility, Sports",Student Affairs
210,What sports facilities are available at Sukkur IBA?,"Sukkur IBA offers a cricket ground, football ground, badminton courts, basketball courts, and a fully functional fitness gym. The institute hosts various sports tournaments including cricket, football, and badminton events.","Sports Facilities, Cricket, Football, Badminton, Basketball, Gym",Student Affairs
211,Is there a cricket ground at Sukkur IBA?,"Yes, Sukkur IBA has a cricket ground on campus. It is used for various sports events including the Sukkur IBA Super League cricket tournament.","Cricket Ground, Sports, Campus, Tournament, SIBA",Student Affairs
212,Does Sukkur IBA have a football ground?,"Yes, Sukkur IBA has a football ground on campus. Football tournaments are regularly organized among students, faculty, and staff.","Football Ground, Sports, Campus, Tournament",Student Affairs
213,Are there basketball courts at Sukkur IBA?,"Yes, Sukkur IBA has basketball courts available on campus for students and other campus community members.","Basketball Courts, Sports, Campus, Facility",Student Affairs
214,What recreational facilities does Sukkur IBA campus offer?,"The campus offers a wide range of recreational facilities including a fitness gym, cricket ground, football ground, badminton and basketball courts, indoor games in hostels, a cafeteria, and a tuck shop. The green campus with over 10,000 trees also provides a refreshing outdoor environment.","Recreational Facilities, Gym, Sports, Green Campus, Cafeteria",Student Affairs
215,Can day scholars use the gym and sports facilities at Sukkur IBA?,"Yes, the sports and fitness facilities at Sukkur IBA are available to both on-campus residents and day scholars.","Day Scholars, Gym, Sports, Facilities, Campus",Student Affairs
216,Is there a cafeteria or tuck shop on campus?,"Yes, Sukkur IBA has both a fully functional modern cafeteria and a tuck shop on campus. The cafeteria provides refreshments, soft drinks, snacks, and meals, while the tuck shop offers confectionery and daily-use items. Both cater to students, faculty, and staff.","Cafeteria, Tuck Shop, Campus, Meals, Snacks",Student Affairs
217,Where can students eat on the Sukkur IBA campus?,"Students can eat at the modern cafeteria or the tuck shop on campus. The cafeteria provides meals, snacks, soft drinks, and refreshments, while the tuck shop offers confectionery and daily-use items. The cafeteria also provides a pleasant environment for relaxing and socializing.","Eat, Cafeteria, Tuck Shop, Meals, Campus",Student Affairs
218,Does Sukkur IBA have a canteen for students?,"Yes, Sukkur IBA has a fully functional modern cafeteria and a tuck shop that serve students, faculty, and staff during class hours and in the evening for campus residents.","Canteen, Cafeteria, Students, Campus, Meals",Student Affairs
219,What kind of food is available at the Sukkur IBA cafeteria?,"The cafeteria provides refreshments, soft drinks, snacks, and meals. It is described as having a pleasant environment where students can relax, eat, and socialize.","Food, Cafeteria, Meals, Snacks, Refreshments",Student Affairs
220,Is the tuck shop at Sukkur IBA open for all students?,"Yes, the tuck shop is available for all students, faculty, and staff. It provides all necessary confectionery and daily-use items.","Tuck Shop, Open, Students, Faculty, Daily Items",Student Affairs
221,Can campus residents get food in the evening at Sukkur IBA?,"Yes, both the cafeteria and tuck shop cater to campus residents during class hours and in the evening. Additionally, every hostel has its own separate mess/food facility.","Campus Residents, Evening, Food, Cafeteria, Mess",Student Affairs
222,Is the cafeteria environment suitable for group discussions or meetings?,"Yes, the cafeteria is described as having a pleasant environment where students can relax, have their meals and snacks, hold discussions, and socialize.","Cafeteria, Group Discussion, Meetings, Environment, Social",Student Affairs
223,Does the hostel have its own food facility separate from the cafeteria?,"Yes, every hostel has a separate food/mess facility furnished with furniture, a freezer, and other appliances, in addition to the main cafeteria and tuck shop available on campus.","Hostel, Mess Facility, Food, Separate, Cafeteria",Student Affairs
224,What are the library opening hours?,"Library opening hours aren’t listed in the prospectus. For current timings, visit the official website or contact Sukkur IBA directly.","Library, Opening Hours, Timings, Contact, Website",Library
225,When does the Sukkur IBA library open and close?,The campus life information provided does not include the library's operating hours. Please contact the library or Sukkur IBA's administration directly for the current schedule.,"Library Hours, Open, Close, Schedule, Sukkur IBA",Library
226,Is the Sukkur IBA library open on weekends?,"The provided information does not specify whether the library is open on weekends. For this detail, it is best to contact the library staff or visit Sukkur IBA's official website.","Library, Weekends, Open, Hours, Schedule",Library
227,Can I visit the library after class hours?,"Library hours after class are not specified. For accurate timings, contact the library or administration directly.","Library, After Class, Access, Timings, Administration",Library
228,How late is the library open at Sukkur IBA?,"Specific library closing times are not mentioned in the available information. For the exact schedule, please reach out to Sukkur IBA's library department or check their official website at www.iba-suk.edu.pk.","Library, Closing Time, Hours, Schedule, Website",Library
229,Is the library accessible to all students including hostel residents?,The semester fee includes a lab cum library fee. Hostel residents should contact the library directly for access hours and policies.,"Library, Access, Hostel Residents, All Students, Policy",Library
230,Does Sukkur IBA have a library on campus?,"Sukkur IBA has a library on campus. A lab cum library fee and a refundable library security deposit are included in the semester fee. For detailed information about library facilities and timings, contact the library directly.","Library, Campus, Facility, Lab, Fee",Library
231,Are there study spaces available in the Sukkur IBA library?,"Study spaces inside the library aren’t described in detail. For more information, contact the library or visit the official website.","Study Spaces, Library, Facility, Campus, Contact",Library
232,Can I access online journals and e-books from the library?,"The provided campus life information does not specifically mention access to online journals or e-books through the library. However, given that Sukkur IBA has academic linkages with international universities and emphasizes research, such resources may be available. It is recommended to contact the library directly or visit www.iba-suk.edu.pk for details.","Online Journals, E-books, Library, Digital Resources, Research",Library
233,Does Sukkur IBA library provide digital or online resources?,"The available prospectus does not specifically mention digital library resources such as online journals or e-books. For information on digital and online resources available at the library, please contact Sukkur IBA's library department or check their official website.","Digital Resources, Online, Library, E-Books, Journals",Library
234,Can students access research journals through Sukkur IBA's library?,"The prospectus does not explicitly state whether research journals are accessible through the library. Given Sukkur IBA's focus on research and its international academic linkages, such resources may be available. Please contact the library for confirmation.","Research Journals, Library Access, Students, Academic, Resources",Library
235,Is there an online library portal at Sukkur IBA?,"The provided information does not mention an online library portal. For details on any digital library systems or portals available to students, it is best to contact Sukkur IBA's library department or visit their official website at www.iba-suk.edu.pk.","Online Library Portal, Digital, Students, Access, Website",Library
236,Does Sukkur IBA have HEC digital library access?,"The prospectus does not specifically mention HEC digital library access. However, as a recognized HEC institution, Sukkur IBA may have access to HEC's digital library resources. Please contact Sukkur IBA's library or administration to confirm availability.","HEC Digital Library, Access, Resources, Online, Journals",Library
237,Can I borrow books from the Sukkur IBA library?,"The library existence (evidenced by the library fee and library security deposit in the fee structure), it does not provide details about book borrowing policies. Please contact the library directly for borrowing rules and procedures.","Borrow Books, Library, Policy, Fee, Security Deposit",Library
238,Are international academic databases available at Sukkur IBA?,"Sukkur IBA has academic links with the University of British Columbia, Simon Fraser University, and Kent University (UK), so international academic databases may be available. Check with the library for confirmed access.","International Databases, Academic, Library, Research, Linkages",Library
239,Is library access included in the semester fee?,"Yes, a ""Lab Cum Library Fee"" of Rs. 5,700 is included in the BBA/BS and MBA semester fee structures, indicating that library access is covered as part of the standard semester charges. A refundable library security deposit of Rs. 2,000 is also charged.","Library Access, Semester Fee, Lab Cum Library Fee, Rs. 5,700, Included",Finance / Library
240,What scholarships are available for needy students?,"Sukkur IBA offers a wide range of scholarships for needy students. These include HEC Needs-Based Scholarship Program, HEC-USAID Needs-Based Scholarship, Prime Minister Fees Reimbursement Scheme, Sindh Endowment Fund Scholarship, NBP Scholarship Program, HBL Foundation Scholarship, Ihsan Trust Loan, Institutional Scholarship Program (Need-Based), and many others backed by donor agencies, government organizations, philanthropists, and the business community. Currently, almost 70% of Sukkur IBA students are availing scholarships.","Scholarships, Needy Students, Need-Based, Financial Aid, HEC",Financial Aid Office
241,Which scholarships can poor students apply for at Sukkur IBA?,"Students with financial constraints can apply for several scholarships including HEC Needs-Based Scholarship, HEC-USAID Needs-Based Scholarship, Prime Minister Fees Reimbursement Scheme, Sindh Endowment Fund Scholarship, Institutional Need-Based Scholarship, NBP Scholarship, HBL Foundation Scholarship, and Ihsan Trust Loan, among many others.","Poor Students, Financial Constraints, Scholarships, Need-Based, HEC",Financial Aid Office
242,Does Sukkur IBA provide financial help to students who can't afford fees?,"Yes, Sukkur IBA strongly believes that no mind should be deprived of education due to financial constraints. The Financial Aid Office manages numerous scholarships and financial assistance programs. Currently, almost 70% of students are benefiting from scholarships funded by donor agencies, government organizations, philanthropists, and industry.","Financial Help, Fees, Scholarships, 70%, Financial Aid Office",Financial Aid Office
243,How many students at Sukkur IBA are on scholarship?,"Currently, almost 70% of students at Sukkur IBA are availing themselves of scholarships, which are supported by a range of donor agencies, government organizations, individual philanthropists, the business community, and industry and district associations.","Scholarship, 70%, Students, Donors, Financial Aid",Financial Aid Office
244,Are there government-funded scholarships at Sukkur IBA?,"Yes, several government-funded scholarships are available at Sukkur IBA, including the Sindh Endowment Fund Scholarship, HEC Needs-Based Scholarship, Prime Minister Fees Reimbursement Scheme, Prime Minister National ICT R&D Fund Scholarship, USAID for Education Department, Punjab Educational Endowment Fund, and District Zakat & Ushr Committee scholarships.","Government Scholarships, Sindh, HEC, Prime Minister, Zakat, Financial Aid",Financial Aid Office
245,What are the names of scholarships offered at Sukkur IBA?,"Sukkur IBA offers numerous scholarships including: Sindh Endowment Fund, HEC-USAID Needs-Based, HEC Needs-Based, Prime Minister Fees Reimbursement Scheme, Prime Minister National ICT R&D Fund, NBP Scholarship, UBL Scholarship, HBL Foundation Scholarship, Talent Hunt Program Scholarship, Meeza Bank, Ihsan Trust Loan, Minority Scholarship, Institutional Merit and Need-Based Scholarships, and many more individual and corporate donor scholarships.","Scholarship Names, List, HEC, NBP, UBL, HBL, THP, Minority",Financial Aid Office
246,Is there any financial assistance program for talented but poor students?,"Yes, Sukkur IBA has a dedicated Financial Aid and University Advancement Office focused on providing scholarships and financial assistance to needy but talented students. Programs include need-based institutional scholarships, Talent Hunt Program scholarships, and numerous donor-backed scholarships. Almost 70% of students currently benefit from these programs.","Financial Assistance, Talented, Poor Students, Need-Based, THP, Scholarship",Financial Aid Office
247,Who funds the scholarships at Sukkur IBA?,"Scholarships at Sukkur IBA are funded by a diverse range of sources including donor agencies, government organizations (HEC, Prime Minister's office, Sindh government), individual philanthropists, the business community, banks (UBL, NBP, HBL, Meeza Bank), corporate entities (Continental Biscuit, Mari Gas, Sitara Chemicals, Itehad Chemicals, Uch Power), district associations, and Sukkur IBA's own Endowment Fund.","Scholarship Funding, Donors, Government, Banks, Corporate, Endowment Fund",Financial Aid Office
248,How can I apply for need-based financial aid?,"To apply for need-based financial aid at Sukkur IBA, you can contact the Financial Aid Office (FAO). The contact person is Mr. Mansoor Hyder Kalhoro, Assistant Manager, who can be reached at 071-5644257. The FAO is responsible for identifying financial needs and managing scholarship and financial assistance programs.","Need-Based, Financial Aid, Apply, FAO, Contact, 071-5644257",Financial Aid Office
249,Who should I contact for scholarship applications at Sukkur IBA?,"For scholarship and financial aid related queries, you can contact Mr. Mansoor Hyder Kalhoro, Assistant Manager at the Financial Aid Office, on 071-5644257.","Scholarship, Contact, Mr. Mansoor, FAO, 071-5644257",Financial Aid Office
250,What is the process to get financial assistance at Sukkur IBA?,"The Financial Aid Office (FAO) at Sukkur IBA identifies students' financial needs and designs customized financial solutions. To initiate the process, students should contact Mr. Mansoor Hyder Kalhoro, Assistant Manager, at 071-5644257 for guidance on available scholarships and how to apply.","Financial Assistance, Process, FAO, Apply, Contact",Financial Aid Office
251,Is there a separate office for financial aid at Sukkur IBA?,"Yes, Sukkur IBA has a dedicated Financial Aid Office (FAO) established to identify students' financial needs and manage scholarships and financial assistance programs. The contact person is Mr. Mansoor Hyder Kalhoro at 071-5644257.","Financial Aid Office, FAO, Separate, Scholarships, Contact",Financial Aid Office
252,What documents or criteria are needed to apply for financial aid?,"The required documents for financial aid aren’t listed. For details, contact the Financial Aid Office at 071-5644257 (Mr. Mansoor Hyder Kalhoro, Assistant Manager).","Documents, Criteria, Financial Aid, Apply, FAO, Contact",Financial Aid Office
253,Can I apply for multiple scholarships at Sukkur IBA at the same time?,It’s not specified whether students can apply for multiple scholarships at once. Contact the Financial Aid Office at 071-5644257 for clarification.,"Multiple Scholarships, Apply, Simultaneously, FAO, Policy",Financial Aid Office
254,When should I apply for financial aid at Sukkur IBA?,"The prospectus does not mention specific deadlines for financial aid applications. For information on application timelines and procedures, please contact Mr. Mansoor Hyder Kalhoro at the Financial Aid Office on 071-5644257.","Financial Aid, Application Deadline, When, FAO, Contact",Financial Aid Office
255,How does Sukkur IBA decide who gets a scholarship?,"Sukkur IBA's Financial Aid Office identifies financial needs and designs customized financial solutions for students. Scholarships are awarded based on either merit or need (or both), depending on the specific scholarship program. The selection criteria may vary by donor and program type.","Scholarship Selection, Merit, Need, FAO, Criteria, Decision",Financial Aid Office
256,Is there a merit-based scholarship?,"Yes, Sukkur IBA offers merit-based scholarships. These include the Institutional Scholarship Program (Merit-Based), Mrs. Habiba Memon & Mrs. Ghulam Fatima Turk Merit Scholarship, and various other donor-funded merit scholarships. Sukkur IBA also has its own Endowment Fund that generates both institutional merit and need-based scholarships.","Merit-Based Scholarship, Institutional, Endowment Fund, Merit, Academic",Financial Aid Office
257,Does Sukkur IBA give scholarships to top-performing students?,"Yes, Sukkur IBA offers merit-based scholarships for high-achieving students. The Institutional Scholarship Program (Merit-Based) and the Mrs. Habiba Memon & Mrs. Ghulam Fatima Turk Merit Scholarship are among the merit-focused options available. The Sukkur IBA Endowment Fund also supports merit-based scholarships.","Top Students, Merit Scholarship, Academic Performance, Endowment, Institutional",Financial Aid Office
258,What is the institutional merit scholarship at Sukkur IBA?,"Sukkur IBA offers an Institutional Scholarship Program (Merit-Based) funded through its own resources and Endowment Fund. This scholarship is designed to reward academically outstanding students. For eligibility criteria and application details, contact the Financial Aid Office at 071-5644257.","Institutional Merit Scholarship, Endowment Fund, Academic, Eligibility, FAO",Financial Aid Office
259,Is there a scholarship for students who score high in the aptitude test?,"Financial aid application deadlines aren’t specified. For timelines and procedures, contact Mr. Mansoor Hyder Kalhoro at the Financial Aid Office: 071-5644257.","Aptitude Test, Merit Scholarship, Score, High Performance, FAO",Financial Aid Office
260,Can I get a scholarship based on my academic grades?,"Yes, merit-based scholarships are available at Sukkur IBA for academically strong students. The Institutional Scholarship Program (Merit-Based) and other donor-funded merit scholarships reward students based on their academic performance. Contact the FAO at 071-5644257 for details.","Academic Grades, Merit Scholarship, Institutional, FAO, Contact",Financial Aid Office
261,What is the Viqarun Nisa and Feroz Khan Noon Trust scholarship?,The Viqarun Nisa & Feroz Khan Noon Trust is a donor‑funded scholarship at Sukkur IBA. Eligibility and application details aren’t listed – contact the Financial Aid Office at 071-5644257.,"Viqarun Nisa, Feroz Khan Noon, Trust Scholarship, Donor, FAO",Financial Aid Office
262,Does the Sukkur IBA Endowment Fund provide scholarships?,"Yes, Sukkur IBA has its own Endowment Fund established to generate institutional merit and need-based scholarships. The fund is managed with the support of Sukkur IBA friends from corporate and government organizations.","Endowment Fund, Scholarships, Merit, Need-Based, Corporate, Government",Financial Aid Office
263,Does Sukkur IBA offer scholarships for minority students?,"Yes, Sukkur IBA offers a Minority Scholarship funded by the Ministry of Religious Affairs, Islamabad. This scholarship is specifically designed to support students from minority communities.","Minority Scholarship, Ministry of Religious Affairs, Islamabad, Students",Financial Aid Office
264,Is there a scholarship for non-Muslim students at Sukkur IBA?,"Yes, there is a Minority Scholarship available at Sukkur IBA, provided by the Ministry of Religious Affairs, Islamabad. This scholarship is intended to support students from minority backgrounds.","Non-Muslim, Minority Scholarship, Religious Affairs, Islamabad, Students",Financial Aid Office
265,Can minority students get financial support at Sukkur IBA?,"Yes, minority students can benefit from the Minority Scholarship program at Sukkur IBA, which is funded by the Ministry of Religious Affairs, Islamabad. For application details, contact the Financial Aid Office at 071-5644257.","Minority Students, Financial Support, Scholarship, Ministry, Contact",Financial Aid Office
266,Which organization provides the minority scholarship at Sukkur IBA?,"The Minority Scholarship at Sukkur IBA is provided by the Ministry of Religious Affairs, Islamabad.","Minority Scholarship, Ministry of Religious Affairs, Islamabad, Provider",Financial Aid Office
267,Are there scholarships for Hindu or Christian students at Sukkur IBA?,"Yes, Sukkur IBA has a Minority Scholarship funded by the Ministry of Religious Affairs, Islamabad, which is specifically aimed at students from minority communities, which would include Hindu, Christian, and other minority groups.","Hindu, Christian, Minority Scholarship, Religious Affairs, Students",Financial Aid Office
268,Is the minority scholarship fully funded or partial?,"It’s not specified whether the Minority Scholarship (Ministry of Religious Affairs) is full or partial. For coverage details, contact the Financial Aid Office at 071-5644257.","Minority Scholarship, Full, Partial, Funding, FAO, Contact",Financial Aid Office
269,How do minority students apply for the scholarship at Sukkur IBA?,The application process for the Minority Scholarship isn’t detailed. Minority students should contact Mr. Mansoor Hyder Kalhoro at the Financial Aid Office (071-5644257) for guidance.,"Minority Scholarship, Apply, Process, FAO, Contact, Mr. Mansoor",Financial Aid Office
270,Does Sukkur IBA support students from all religious backgrounds?,"Yes, Sukkur IBA's admission policy states that students are admitted irrespective of social, ethical, and financial considerations. Additionally, a dedicated Minority Scholarship funded by the Ministry of Religious Affairs, Islamabad, is available to support students from minority religious backgrounds.","Religious Backgrounds, Minority, Admission Policy, Scholarship, Inclusion",Financial Aid Office / Admissions
271,What is the Talent Hunt Program (THP) scholarship?,"The Talent Hunt Program (THP) is one of the pathways to admission at Sukkur IBA. Students who enroll in the Foundation Semester under THP and maintain a CGPA of 2.2 or above become eligible for admission into regular undergraduate or graduate programs. A dedicated Talent Hunt Program Scholarship is also listed among the scholarships offered, supporting students who come through this pathway.","Talent Hunt Program, THP, Scholarship, Foundation Semester, CGPA 2.2",Financial Aid Office / Admissions
272,Who is eligible for the THP scholarship at Sukkur IBA?,The Talent Hunt Program (THP) scholarship is designed for students who join Sukkur IBA through the Foundation Semester (Regular/THP) pathway. Students who secure a CGPA of 2.2 or above in the Foundation Semester are eligible for admission into regular programs and may benefit from THP scholarship support.,"THP, Eligible, Foundation Semester, CGPA 2.2, Scholarship",Financial Aid Office / Admissions
273,What is the purpose of the Talent Hunt Program at Sukkur IBA?,The Talent Hunt Program (THP) is designed to identify and support talented students who may not qualify directly for regular programs. Students enroll in a six-month Foundation Semester and must maintain a CGPA of 2.2 or above to be inducted into regular undergraduate or graduate programs. A THP scholarship is also available to support these students financially.,"THP Purpose, Foundation Semester, Talented Students, CGPA, Scholarship",Admissions / Financial Aid Office
274,Is the Talent Hunt Program scholarship separate from the regular admission scholarship?,"Yes, the Talent Hunt Program Scholarship is listed as a separate scholarship program at Sukkur IBA. It is specifically associated with students who enter through the Foundation Semester/THP pathway, as opposed to the general institutional merit or need-based scholarships available to all students.","THP Scholarship, Separate, Regular Admission, Foundation Semester, Institutional",Financial Aid Office
275,Does the THP scholarship cover the full tuition fee?,"The prospectus does not specify whether the THP scholarship covers full or partial tuition. For detailed information on the coverage and amount of the Talent Hunt Program Scholarship, please contact the Financial Aid Office at 071-5644257.","THP Scholarship, Full Tuition, Partial, Coverage, FAO, Contact",Financial Aid Office
276,How do I apply for the Talent Hunt Program scholarship?,"To apply for the Talent Hunt Program Scholarship, students should first enroll in the Foundation Semester through the THP pathway. For scholarship-specific details and application process, contact Mr. Mansoor Hyder Kalhoro at the Financial Aid Office on 071-5644257.","THP Scholarship, Apply, Foundation Semester, FAO, Contact",Financial Aid Office / Admissions
277,Is the Talent Hunt Program only for financially needy students?,"The Talent Hunt Program is primarily an academic pathway through the Foundation Semester for students who wish to join regular programs. The associated THP scholarship may target financially needy and talented students. For exact eligibility criteria, contact the Financial Aid Office at 071-5644257.","THP, Needy Students, Academic Pathway, Foundation Semester, Scholarship",Financial Aid Office / Admissions
278,Can a student in the Foundation Semester apply for THP scholarship?,"Yes, the Talent Hunt Program Scholarship is associated with students in the Foundation Semester/THP pathway. Students enrolled in this pathway who maintain a CGPA of 2.2 or above may be eligible for this scholarship support.","Foundation Semester, THP Scholarship, CGPA 2.2, Eligible, Students",Financial Aid Office / Admissions
279,"Are there external scholarships (HEC, USAID, bank loans)?","Yes, several external scholarships and financial support options are available at Sukkur IBA. These include HEC Needs-Based Scholarship, HEC-USAID Needs-Based Scholarship, USAID for Education Department, Prime Minister National ICT R&D Fund Scholarship, Prime Minister Fees Reimbursement Scheme, NBP Scholarship, UBL Scholarship, HBL Foundation Scholarship, Meeza Bank, and Ihsan Trust Loan, among many others.","External Scholarships, HEC, USAID, Bank Loans, NBP, HBL, UBL",Financial Aid Office
280,Does HEC provide scholarships for Sukkur IBA students?,"Yes, HEC provides two scholarship programs available to Sukkur IBA students: the HEC Needs-Based Scholarship Program and the HEC-USAID Needs-Based Scholarship. Both are listed among the active scholarship programs at Sukkur IBA.","HEC Scholarship, Needs-Based, USAID, Students, Financial Aid",Financial Aid Office
281,Is the USAID scholarship available at Sukkur IBA?,"Yes, two USAID-related scholarships are available at Sukkur IBA: the HEC-USAID Needs-Based Scholarship and the USAID for Education Department scholarship. Both are part of the active scholarship programs at the institute.","USAID Scholarship, HEC-USAID, Education, Financial Aid, Students",Financial Aid Office
282,Can I get a student loan at Sukkur IBA?,"Yes, an Ihsan Trust Loan is listed among the financial assistance programs available to Sukkur IBA students. This provides a loan-based financial support option for students in need. For details on eligibility and application, contact the Financial Aid Office at 071-5644257.","Student Loan, Ihsan Trust, Financial Assistance, Loan, FAO",Financial Aid Office
283,Does any bank provide scholarships for Sukkur IBA students?,"Yes, several banks provide scholarships for Sukkur IBA students, including UBL Scholarship Program, NBP Scholarship Program, Meeza Bank, and HBL Foundation Scholarship Program. These are all active scholarship programs at the institute.","Bank Scholarships, UBL, NBP, HBL, Meeza Bank, Financial Aid",Financial Aid Office
284,Is the Prime Minister scholarship available at Sukkur IBA?,"Yes, two Prime Minister-funded programs are available at Sukkur IBA: the Prime Minister National ICT R&D Fund Scholarship Program and the Prime Minister Fees Reimbursement Scheme. Both are listed among the active scholarships at the institute.","Prime Minister Scholarship, ICT R&D Fund, Fees Reimbursement, Government, Students",Financial Aid Office
285,Does Sukkur IBA have the Sindh government scholarship?,"Yes, the Sindh Endowment Fund Scholarship Program is one of the listed scholarships available to Sukkur IBA students. This is a government-backed scholarship from the Sindh provincial government.","Sindh Endowment Fund, Government Scholarship, Sindh, Province, Students",Financial Aid Office
286,How do I find out which external scholarship I am eligible for?,"To find out which external scholarship you are eligible for, contact the Financial Aid Office at Sukkur IBA. The contact person is Mr. Mansoor Hyder Kalhoro, Assistant Manager, reachable at 071-5644257. The FAO will assess your financial and academic profile to identify the most suitable scholarship programs for you.","External Scholarship, Eligibility, FAO, Contact, Mr. Mansoor, 071-5644257",Financial Aid Office
287,Does Sukkur IBA help students find internships?,"Yes, Sukkur IBA's Career Development Center (CDC) actively assists students in finding internships. On average, CDC places more than 200 students annually in different organizations throughout Pakistan as interns during summer vacations. The CDC coordinates with industry partners and provides full support through its internship assistance program.","Internship, CDC, Students, Placement, 200 Students, Industry",Career Development Center
288,Does the CDC at Sukkur IBA assist with internship placements?,"Yes, the Career Development Center (CDC) at Sukkur IBA is specifically responsible for assisting students with internship placements. It coordinates with industry to place over 200 students annually as interns in organizations across Pakistan during summer vacations.","CDC, Internship, Placement, Industry, 200 Students, Pakistan",Career Development Center
289,How does Sukkur IBA place students in internships?,"Sukkur IBA's CDC coordinates with industry partners and uses campus drives, on-campus tests, and interviews to place students in internships. It also provides graduate directories to partner organizations and assists students throughout the internship application process.","Internship Placement, CDC, Campus Drive, Industry, Graduate Directory",Career Development Center
290,How many students does Sukkur IBA place in internships each year?,"On average, the CDC places more than 200 students annually in different organizations throughout Pakistan as interns during summer vacations.","Internship, 200 Students, Annual, Summer, Pakistan",Career Development Center
291,In which cities can Sukkur IBA students get internships?,"Sukkur IBA students can secure internships in organizations across Pakistan. Job fairs organized by the CDC attract employers from Karachi, Lahore, Islamabad, Sukkur, Hyderabad, and other cities, giving students access to opportunities nationwide.","Internship, Cities, Karachi, Lahore, Islamabad, Sukkur, Hyderabad",Career Development Center
292,Does Sukkur IBA have connections with companies for student internships?,"Yes, the CDC maintains strong connections with industry partners across Pakistan. It coordinates with these organizations to arrange internships, campus drives, and final year projects for students. Partner organizations also receive graduate directories to facilitate placement.","Industry Connections, Internship, Partner Organizations, CDC, Campus Drive",Career Development Center
293,Can the CDC help me get a summer internship?,"Yes, the CDC at Sukkur IBA specifically assists students in securing summer internships. On average, more than 200 students are placed in organizations across Pakistan every year during summer vacations through the CDC's internship assistance program.","Summer Internship, CDC, Placement, 200 Students, Assistance",Career Development Center
294,What role does the CDC play in helping students get work experience?,"The CDC plays a central role in helping students gain work experience by placing them in internships, assisting with final year projects in industry, organizing job fairs, hosting campus drives, and supporting work-study and research projects. It also prepares students through resume writing workshops and mock interviews.","CDC, Work Experience, Internship, Final Year Projects, Job Fairs, Mock Interviews",Career Development Center
295,Is internship compulsory for degree completion?,"Yes, completing a 6-week internship is a mandatory prerequisite for all students at Sukkur IBA to complete their degree program. Without completing this internship requirement, a student cannot be awarded their degree.","Internship, Compulsory, Degree Completion, 6 Weeks, Prerequisite",Career Development Center
296,How long is the mandatory internship at Sukkur IBA?,The mandatory internship at Sukkur IBA is 6 weeks long. It is a prerequisite for all students to complete their degree program.,"Internship Duration, 6 Weeks, Mandatory, Degree, Prerequisite",Career Development Center
297,Can I graduate from Sukkur IBA without doing an internship?,"No, you cannot graduate without completing the internship requirement. A 6-week internship is a compulsory prerequisite for all students to complete their degree program at Sukkur IBA.","Graduate, Internship, Compulsory, 6 Weeks, Degree Requirement",Career Development Center
298,Is internship part of the degree requirements at Sukkur IBA?,"Yes, a 6-week internship is an essential part of the degree requirements at Sukkur IBA. All students, regardless of their program, must complete this internship to be eligible for their degree.","Internship, Degree Requirements, 6 Weeks, All Students, Compulsory",Career Development Center
299,When do students do their internship at Sukkur IBA?,Students typically complete their internships during summer vacations. The CDC places more than 200 students annually in different organizations across Pakistan during this period.,"Internship Timing, Summer Vacations, CDC, 200 Students, Pakistan",Career Development Center
300,Does the CDC help arrange the compulsory internship for students?,"Yes, the CDC actively assists students in securing and completing their compulsory 6-week internships. It coordinates with industry partners, facilitates placement in organizations across Pakistan, and provides ongoing support throughout the internship program","CDC, Compulsory Internship, Arrange, 6 Weeks, Industry, Placement",Career Development Center
301,Is a final year project in industry also mandatory?,The CDC supports students in securing 6-month final year projects in industry as part of their degree requirements. The CDC has been actively helping students secure these industry-based projects to complete their degree.,"Final Year Project, Industry, 6 Months, Degree Requirement, CDC",Career Development Center
302,What happens during the internship period at Sukkur IBA?,"During the internship period, the CDC monitors and evaluates students' progress. Follow-up meetings are arranged between interns and faculty members to discuss progress and concerns. Supervisor feedback is also collected. At the end of the internship, students submit an internship report and are interviewed for feedback on their experience.","Internship Period, CDC, Faculty, Supervisor, Report, Evaluation",Career Development Center
303,Do companies visit campus for recruitment?,"Yes, companies regularly visit the Sukkur IBA campus for recruitment. The CDC hosts many organizations every year for campus drives where on-campus tests and interviews are conducted. Job fairs are also organized in which employers from Karachi, Lahore, Islamabad, Sukkur, Hyderabad, and other cities visit campus to hire students.","Campus Recruitment, Companies, Job Fair, Campus Drive, Employers",Career Development Center
304,Does Sukkur IBA organize job fairs?,"Yes, Sukkur IBA's CDC organizes job fairs where employers from major cities including Karachi, Lahore, Islamabad, Sukkur, and Hyderabad visit campus to recruit students as per their human resource needs.","Job Fair, CDC, Employers, Karachi, Lahore, Islamabad, Recruitment",Career Development Center
305,Which companies come to Sukkur IBA campus for hiring?,"It’s not specified whether the THP scholarship covers full or partial tuition. For coverage details, contact the Financial Aid Office at 071-5644257.","Companies, Campus Hiring, Employers, Cities, Job Fair, Campus Drive",Career Development Center
306,Are there on-campus interviews arranged by Sukkur IBA?,"Yes, the CDC arranges on-campus interviews as part of its placement and career counseling services. Employers visit the campus to conduct tests and interviews, and the department also hosts many organizations for campus drives every year.","On-Campus Interviews, CDC, Placement, Campus Drive, Employers",Career Development Center
307,Do employers from Karachi and Lahore visit Sukkur IBA for hiring?,"Yes, employers from Karachi, Lahore, Islamabad, Sukkur, Hyderabad, and other cities across Pakistan visit the Sukkur IBA campus during job fairs to hire students based on their respective human resource needs.","Employers, Karachi, Lahore, Islamabad, Job Fair, Hiring, Campus",Career Development Center
308,How does the campus drive work at Sukkur IBA?,"During campus drives, organizations visit Sukkur IBA to recruit students directly on campus. The CDC hosts many such organizations every year, facilitating on-campus tests and interviews. The CDC also assists partner organizations by providing graduate directories for placement purposes.","Campus Drive, Recruitment, Organizations, On-Campus Tests, Interviews, CDC",Career Development Center
309,Does Sukkur IBA help students get jobs after graduation?,"Yes, the CDC at Sukkur IBA actively assists graduates in finding jobs through campus drives, job fairs, job postings and announcements, resume collection, on-campus interviews, and placement support. It has been successfully placing graduates in organizations since its establishment in 2011.","Jobs After Graduation, CDC, Job Fair, Placement, Campus Drive, Graduates",Career Development Center
310,Can I attend a job fair at Sukkur IBA as a final year student?,"Yes, job fairs at Sukkur IBA are organized specifically for students, including final year students. Employers from major cities across Pakistan attend these fairs to hire candidates as per their human resource requirements.","Job Fair, Final Year, Students, Employers, CDC, Hiring",Career Development Center
311,Is there a Career Development Center (CDC) that offers counseling?,"Yes, Sukkur IBA has a dedicated Career Development Center (CDC) established in 2011. It offers comprehensive career counseling and guidance services to students including workshops on resume writing, interview techniques, personality development, career exploration, and job search techniques. Mock interviews and job tests are also organized regularly.","CDC, Career Counseling, Students, Resume, Interview, Workshops",Career Development Center
312,What services does the Career Development Center offer at Sukkur IBA?,"The CDC at Sukkur IBA offers a wide range of services including career counseling, job placement assistance, internship support, final year project assistance, job fairs, on-campus interviews, resume writing workshops, interview technique training, mock job tests, mock interviews, guest speaker sessions, group discussions, role plays, and personality development programs.","CDC Services, Career Counseling, Job Placement, Internship, Mock Interviews",Career Development Center
313,Does Sukkur IBA offer resume writing workshops?,"Yes, the CDC organizes workshops every year for final year students across all disciplines on resume/CV writing, interview skills, and career counseling. These sessions are conducted with senior alumni and other professionals and have been a regular feature of the CDC's programming.","Resume Writing, Workshop, CDC, Final Year, Alumni, Interview Skills",Career Development Center
314,Are mock interviews conducted at Sukkur IBA?,"Yes, the CDC organizes mock job tests and mock interviews to prepare students for professional life. These are part of the Student Development Services offered by the CDC.","Mock Interviews, CDC, Students, Professional Life, Preparation",Career Development Center
315,When was the Career Development Center established at Sukkur IBA?,"The Career Development Center (CDC) at Sukkur IBA was established in 2011. It was set up to minimize the gap between industry and academia by providing services to students, alumni, and the corporate world.","CDC, Established, 2011, Industry, Academia, History",Career Development Center
316,Does the CDC help students with personality development?,"Yes, the CDC offers a Personality Development Program as part of its Student Development Services. Along with this, it provides training on interview techniques, resume writing, career exploration, and job search techniques to help students become more competitive in the job market.","Personality Development, CDC, Students, Interview, Career, Training",Career Development Center
317,What training programs does the CDC offer at Sukkur IBA?,"The CDC offers various training programs including guest speaker sessions, workshops and seminars, group discussions, role plays, customized trainings, resume writing workshops, mock interviews, mock job tests, and personality development programs. These are regularly conducted to enhance students' skills and job market readiness.","Training Programs, CDC, Workshops, Seminars, Personality Development, Mock Interviews",Career Development Center
318,Can students at Sukkur IBA get individual career guidance?,"Yes, the CDC proactively provides career counseling and guidance to students. Services include learning about careers, resume writing, job search techniques, interview preparation, and personality development programs. The CDC also connects students with senior alumni and professionals for mentorship.","Career Guidance, Individual, CDC, Counseling, Resume, Alumni, Mentorship",Career Development Center
319,What is the average starting salary of graduates?,"The prospectus does not mention any information about the average starting salary of Sukkur IBA graduates. For salary-related data, it is recommended to contact the Career Development Center (CDC) directly or visit the official Sukkur IBA website at www.iba-suk.edu.pk.","Starting Salary, Graduates, Average, Not Mentioned, CDC, Contact",Career Development Center
320,How much do Sukkur IBA graduates earn after getting a job?,"The available information does not provide details on the average earnings of Sukkur IBA graduates. For placement statistics and salary information, please contact the CDC at Sukkur IBA directly.","Graduate Earnings, Salary, Placement, CDC, Contact",Career Development Center
321,What is the salary package for a fresh Sukkur IBA graduate?,"The prospectus does not mention specific salary packages for fresh graduates. However, the CDC actively places graduates in organizations across Pakistan through job fairs and campus drives. For salary benchmarking, please contact the CDC.","Salary Package, Fresh Graduate, CDC, Placement, Contact",Career Development Center
322,Do Sukkur IBA graduates get well-paying jobs?,"While the prospectus does not provide specific salary figures, it highlights that the CDC has been successfully placing graduates in organizations since 2011 through campus drives, job fairs, and on-campus interviews with employers from major cities across Pakistan, indicating strong employment outcomes.","Well-Paying Jobs, Graduates, CDC, Placement, Employment Outcomes",Career Development Center
323,Is there any placement record available for Sukkur IBA graduates?,"The prospectus mentions that the CDC has been successfully placing graduates since 2011 and places more than 200 students annually as interns. For detailed placement records and employment statistics, please contact the CDC or visit Sukkur IBA's official website.","Placement Record, Graduates, CDC, 200 Students, Statistics, Website",Career Development Center
324,Do employers value a degree from Sukkur IBA?,"The prospectus highlights that Sukkur IBA is ranked among the top five business institutes in Pakistan, has international academic linkages, and has been actively placing graduates through campus drives and job fairs. Employers from major cities regularly visit campus to recruit, suggesting strong recognition of the Sukkur IBA degree.","Employer Value, Sukkur IBA Degree, Top 5, Ranking, Campus Drive, Recruitment",Career Development Center
325,How successful is the CDC in placing graduates in jobs?,"The CDC has been successfully placing graduates since its establishment in 2011 through campus drives, on-campus tests and interviews, job fairs, and graduate directories shared with partner organizations. On average, more than 200 students are placed as interns annually, with many also securing final year projects and full-time positions","CDC Success, Placement, Graduates, Since 2011, 200 Students, Job Fairs",Career Development Center
326,Does Sukkur IBA rank among top institutes for graduate employment?,"The prospectus does not specifically mention employment ranking data. However, Sukkur IBA is ranked among the top five business institutes in Pakistan and has NBEAC accreditation with the highest ""W"" category, which reflects the overall quality of its programs and graduates.","Ranking, Graduate Employment, Top 5, NBEAC, Accreditation, Quality",Career Development Center
327,Can alumni get job placement assistance?,"Yes, alumni can receive job placement assistance through Sukkur IBA's Career Development Center. The CDC engages alumni through Alumni Reunion events, cultural activities, and involves them in student career counseling and job placement. An alumni representative also sits on the Senate, the supreme governing body of Sukkur IBA.","Alumni, Job Placement, CDC, Career Counseling, Senate, Alumni Reunion",Career Development Center
328,Does the CDC provide support to Sukkur IBA alumni?,"Yes, the CDC provides support to alumni through its Alumni Affairs Services. It engages alumni through reunions, music and cultural events, and involves them in career counseling and job placement activities for both current students and fellow alumni.","Alumni Support, CDC, Alumni Affairs, Reunions, Career Counseling",Career Development Center
329,Can I use the CDC's services after graduating from Sukkur IBA?,"Yes, the CDC serves not just current students but also alumni. It was established to provide services to students, alumni, and the corporate world. Alumni are engaged through reunions and are actively involved in career counseling and job placement support.","CDC After Graduation, Alumni, Services, Career Counseling, Placement",Career Development Center
330,How does Sukkur IBA stay connected with its graduates?,"Sukkur IBA stays connected with its graduates through the Alumni Affairs Services under the CDC. Activities include Alumni Reunion events, music and cultural events, and involving alumni in career counseling and job placement for current students. An alumni-elected representative also serves on the Senate.","Alumni Connection, Reunion, CDC, Cultural Events, Senate, Career Counseling",Career Development Center
331,Is there an alumni association at Sukkur IBA?,"Yes, Sukkur IBA has an active alumni community managed under the CDC's Alumni Affairs Services. Alumni are engaged through reunions and cultural events, and an elected alumni representative sits on the Senate — the supreme governing body of Sukkur IBA.","Alumni Association, Senate, CDC, Reunions, Cultural Events, Representative",Career Development Center
332,Do alumni participate in helping current students find jobs?,"Yes, alumni actively participate in helping current students. The CDC involves alumni in career counseling sessions and job placement activities. Every year, workshops are also organized where senior alumni share their expertise with final year students on resume writing, interview skills, and career guidance.","Alumni, Current Students, Career Counseling, Job Placement, Workshops, Resume",Career Development Center
333,What events does Sukkur IBA organize for its alumni?,"Sukkur IBA organizes Alumni Reunions, music nights, and cultural events for its alumni through the CDC's Alumni Affairs Services. These events help alumni stay connected with the institution and with each other.","Alumni Events, Reunion, Music Night, Cultural Events, CDC",Career Development Center
334,Does an alumnus have any role in the governance of Sukkur IBA?,"Yes, an alumni-elected representative sits on the Senate, which is the supreme governing body of Sukkur IBA. This gives alumni a direct voice in the institution's governance and decision-making.","Alumni, Senate, Governance, Elected Representative, Supreme Body",Career Development Center
335,Does the university support student research projects?,"Yes, Sukkur IBA supports student research projects in multiple ways. The QEC creates a research-based environment to support faculty and students, the CDC assists with work-study and research projects, and the CEL&Inc. supports entrepreneurial research through leading faculty research, conferences, and mentorship programs. The center also undertakes entrepreneurial development projects with national and international organizations.","Research Projects, QEC, CDC, CEL&Inc., Faculty, Students, Support",Research & Academic Affairs
336,Can students do research at Sukkur IBA?,"Yes, students can engage in research at Sukkur IBA. The institution emphasizes creating a research-based environment. The CDC assists students with work-study and research projects, and the CEL&Inc. offers hands-on learning experiences and faculty-led research to foster innovation and entrepreneurship.","Student Research, CDC, CEL&Inc., Innovation, Faculty Research",Research & Academic Affairs
337,Is there any research support provided to students at Sukkur IBA?,"Yes, Sukkur IBA provides research support through multiple channels. The QEC promotes a research-based environment, the CDC assists with research and work-study projects, and the CEL&Inc. offers research-driven entrepreneurial learning, mentorship, and collaboration opportunities with national and international partners.","Research Support, QEC, CDC, CEL&Inc., Mentorship, National, International",Research & Academic Affairs
338,Does Sukkur IBA have any research programs for students?,"Yes, Sukkur IBA has research-oriented programs. The CEL&Inc. supports entrepreneurial research and innovation, the CDC assists with research and final year projects in industry, and the QEC works to strengthen the research environment across all departments.","Research Programs, CEL&Inc., CDC, QEC, Innovation, Final Year Projects",Research & Academic Affairs
339,Does the CDC help students with research-based projects?,"Yes, the CDC at Sukkur IBA assists students with work-study and research projects as part of its placement and career counseling services. It also supports students in securing 6-month final year projects in industry, which often involve applied research.","CDC, Research Projects, Work-Study, Final Year, Industry, Support",Career Development Center
340,Can students collaborate with faculty on research at Sukkur IBA?,"Yes, the CEL&Inc. at Sukkur IBA supports student learning and collaboration through leading faculty research, conferences, and mentorship programs. The center also undertakes entrepreneurial projects with national and international organizations, creating opportunities for student-faculty research collaboration.","Faculty Research, Collaboration, CEL&Inc., Students, Mentorship, National, International",CEL&Inc. / Research
341,What research opportunities exist for students at Sukkur IBA?,"Students at Sukkur IBA have access to several research opportunities including CDC-assisted research and work-study projects, faculty-led research through the CEL&Inc., entrepreneurship development projects with national and international organizations, and final year industry-based research projects supported by the CDC.","Research Opportunities, CDC, CEL&Inc., Work-Study, Final Year, Industry",Research & Academic Affairs
342,Does Sukkur IBA encourage innovation and research among students?,"Yes, Sukkur IBA strongly encourages innovation and research. The QEC establishes a research-based environment, the CEL&Inc. advances knowledge and practice of entrepreneurship and innovation through hands-on learning and faculty research, and the CDC assists students with research-based final year projects in industry.","Innovation, Research, QEC, CEL&Inc., CDC, Encouragement, Entrepreneurship",Research & Academic Affairs
343,What is the Center for Entrepreneurial Leadership and Incubation (CEL&Inc.)?,"The Center for Entrepreneurial Leadership and Incubation (CEL&Inc.) was established at Sukkur IBA in 2012. It is a platform that helps translate new ideas into products, services, and technologies. It advances the knowledge and practice of entrepreneurship and innovation through a cutting-edge curriculum, hands-on learning, faculty research, mentorship, and community and global outreach programs. Currently, 10 startups with a total worth of Rs. 10.122 million are functional at the center, employing 54 individuals with annual revenue above Rs. 12.237 million.","CEL&Inc., Entrepreneurship, Innovation, Startups, Incubation, 2012",CEL&Inc.
344,When was the CEL&Inc. established at Sukkur IBA?,The Center for Entrepreneurial Leadership and Incubation (CEL&Inc.) was established at Sukkur IBA in 2012. It was described as an ambitious plan to do something never before attempted in the region by any other institute.,"CEL&Inc., Established, 2012, Sukkur IBA, Entrepreneurship",CEL&Inc.
345,What services does the CEL&Inc. provide to students?,"The CEL&Inc. provides a range of services including enterprise development support, a consultancy network, entrepreneurial synergy (co-location of student firms), access to funding sources, flexible office space (10,000 sq. ft.), shared services (photocopier, meeting rooms, internet, videoconferencing), entrepreneurship development programs (degrees, diplomas, workshops), and entrepreneurship development projects with national and international organizations.","CEL&Inc., Services, Enterprise Development, Consultancy, Funding, Flexible Space",CEL&Inc.
346,How many startups are currently incubated at Sukkur IBA's CEL&Inc.?,"Currently, 10 new startups with a total worth of Rs. 10.122 million are functional at the CEL&Inc. These incubated startups are employing 54 individuals with annual revenue above Rs. 12.237 million.","Startups, Incubated, Rs. 10.122 million, 54 Individuals, CEL&Inc.",CEL&Inc.
347,What is the vision and mission of the CEL&Inc.?,"The vision of CEL&Inc. is to contribute to developing a robust, vibrant, tech and agro-based economy in Pakistan by developing an entrepreneurial ecosystem, culture, and practices. Its mission is to offer a university-driven platform and researched solutions relevant to national needs through collaboration among HEC, universities, the state, and the corporate sector.","CEL&Inc., Vision, Mission, Entrepreneurial Ecosystem, Pakistan, HEC",CEL&Inc.
348,Does the CEL&Inc. connect students with markets and investors?,"Yes, the CEL&Inc. provides support to young entrepreneurs by connecting them with national and international markets. It also guides selected incubating companies toward funding sources by networking them with financial institutions, donors, and angel financers.","CEL&Inc., Markets, Investors, Funding, Angel Financers, National, International",CEL&Inc.
349,Does CEL&Inc. offer workshops and training programs?,"Yes, the CEL&Inc. offers different degree programs, diplomas, certificates, workshops, and seminars to students, faculty, and the community to promote entrepreneurial culture and develop entrepreneurial skills. This is part of their Entrepreneurship Development Program.","CEL&Inc., Workshops, Training, Degrees, Diplomas, Entrepreneurship, Skills",CEL&Inc.
350,Can students get funding for startup ideas?,"Yes, the CEL&Inc. guides selected incubating companies toward funding sources. It identifies the financial needs of the incubating company, identifies available funding sources and their documentary requirements, and creates networking opportunities with financial institutions, donors, and angel financers to help promote the business idea.","Startup Funding, CEL&Inc., Incubating Company, Angel Financers, Donors, Financial Institutions",CEL&Inc.
351,Does Sukkur IBA help students fund their business ideas?,"Yes, through the CEL&Inc., Sukkur IBA helps students with funding for their business ideas. The center identifies financial needs, connects startups with funding sources, and networks incubated companies with financial institutions, donors, and angel financers.","Business Funding, CEL&Inc., Students, Angel Financers, Donors, Startups",CEL&Inc.
352,Can I get investors for my startup through Sukkur IBA?,"Yes, the CEL&Inc. at Sukkur IBA creates networking opportunities between incubated companies and financial institutions, donors, and angel financers. This helps entrepreneurs connect with potential investors and promote their business ideas.","Investors, Startup, CEL&Inc., Angel Financers, Networking, Funding",CEL&Inc.
353,What financial support is available for student entrepreneurs at Sukkur IBA?,"Student entrepreneurs at Sukkur IBA can receive financial support through the CEL&Inc. The center identifies the financial needs of incubating companies, guides them toward available funding sources, and connects them with financial institutions, donors, and angel financers to support their business growth.","Financial Support, Student Entrepreneurs, CEL&Inc., Funding, Donors, Angel Financers",CEL&Inc.
354,How does CEL&Inc. help students access funding for their businesses?,"The CEL&Inc. helps students access business funding by identifying their financial needs, determining available funding sources and their documentary requirements, and networking incubated companies with financial institutions, donors, and angel financers to promote their business ideas.","Access Funding, CEL&Inc., Financial Needs, Documentation, Networking, Business",CEL&Inc.
355,Are there incubation facilities available at Sukkur IBA for student startups?,"Yes, Sukkur IBA's CEL&Inc. provides incubation facilities including flexible office space of around 10,000 square feet with reception services, shared meeting rooms, high-speed internet, product display areas, and a seminar hall. Shared services like photocopiers, videoconferencing, and computers are also available to reduce operating costs.","Incubation Facilities, Office Space, Internet, CEL&Inc., Shared Services, Startups",CEL&Inc.
356,Does Sukkur IBA support women entrepreneurs through CEL&Inc.?,"Yes, the CEL&Inc. undertakes entrepreneurial development projects that specifically include women entrepreneurship as one of its focus areas. It works with national and international organizations to develop and support women entrepreneurs.","Women Entrepreneurs, CEL&Inc., Development Projects, National, International, Support",CEL&Inc.
357,Can community members outside Sukkur IBA also benefit from CEL&Inc.?,"Yes, the CEL&Inc. extends its services beyond students and faculty to the broader community. Enterprise development support, consultancy networks, entrepreneurship development programs, and community development projects are available to community members as well.","Community, CEL&Inc., Enterprise Development, Consultancy, Entrepreneurship, Outreach",CEL&Inc.
358,"What is the ""Dice Vice"" competition?","Dice Vice is an annual business plan competition at Sukkur IBA organized through the CEL&Inc. in collaboration with the Dice Foundation, U.S. It is designed to foster a culture of innovation and entrepreneurship. Student teams submit business plans, display their projects and prototypes to demonstrate business model feasibility, and are judged by industry professionals who select the top winners.","Dice Vice, Business Plan Competition, CEL&Inc., Dice Foundation, Innovation, Entrepreneurship",CEL&Inc.
359,How does the Dice Vice competition work at Sukkur IBA?,"In the Dice Vice competition, student teams submit business plans and present their projects or prototypes to demonstrate their business model and feasibility. Industry professionals visit campus to evaluate and judge the plans, and top winners are declared. The competition is held annually and is led by CEL&Inc. in collaboration with Dice Foundation, U.S.","Dice Vice, How It Works, Business Plan, Prototypes, Industry Judges, Annual",CEL&Inc.
360,Who organizes the Dice Vice competition at Sukkur IBA?,"The Dice Vice competition is organized by the Center for Entrepreneurial Leadership and Incubation (CEL&Inc.) at Sukkur IBA in collaboration with the Dice Foundation, U.S.","Dice Vice, Organizer, CEL&Inc., Dice Foundation, U.S., Competition",CEL&Inc.
361,Is the Dice Vice competition open to all students?,"The prospectus states that various student teams are called to participate in the Dice Vice competition through submission of a business plan. This suggests it is open to all students willing to develop and submit a business plan. For specific eligibility criteria, contact the CEL&Inc.","Dice Vice, Open, All Students, Eligibility, Business Plan, CEL&Inc.",CEL&Inc.
362,What is the purpose of the Dice Vice competition?,"The Dice Vice competition is organized to foster a culture of innovation and entrepreneurship among students and faculty at Sukkur IBA. It gives students an opportunity to present real business ideas, receive evaluation from industry professionals, and compete for recognition.","Dice Vice, Purpose, Innovation, Entrepreneurship, Students, Industry",CEL&Inc.
363,Does Sukkur IBA collaborate with international organizations for entrepreneurship?,"Yes, Sukkur IBA collaborates with international organizations for entrepreneurship. The Dice Vice competition is a result of collaboration with the Dice Foundation, U.S. The CEL&Inc. also builds an entrepreneurial ecosystem with support from international partners and undertakes entrepreneurship development projects with international organizations.","International Collaboration, CEL&Inc., Dice Foundation, Entrepreneurship, U.S., Global",CEL&Inc.
364,What prizes or benefits do Dice Vice winners receive?,"The prospectus mentions that industry professionals judge the business plans and declare top winners of the competition, but does not specify the prizes or benefits. For details on awards and benefits, please contact the CEL&Inc. directly.","Dice Vice, Winners, Prizes, Benefits, Industry Judges, CEL&Inc.",CEL&Inc.
365,Does Sukkur IBA have a business plan competition for students?,"Yes, Sukkur IBA organizes the Dice Vice annual business plan competition through CEL&Inc. in collaboration with Dice Foundation, U.S. Student teams submit and present business plans and prototypes, which are evaluated by industry professionals.","Business Plan Competition, Dice Vice, CEL&Inc., Annual, Students, Industry",CEL&Inc.
366,Does the university have a research journal?,"The provided prospectuss do not specifically mention a research journal published by Sukkur IBA. While the institution emphasizes research and academic quality through QEC, CEL&Inc., and faculty research programs, no specific research journal is mentioned. For information on any published research journals, please contact Sukkur IBA directly or visit www.iba-suk.edu.pk.","Research Journal, Published, Academic, QEC, CEL&Inc., Contact",
367,Does Sukkur IBA publish any academic or research papers?,"The prospectus does not specifically mention published academic or research papers or a journal by Sukkur IBA. However, the institution encourages a research-based environment and has faculty engaged in research through the CEL&Inc. For details on published research, please contact the institution directly.","Academic Papers, Research, Published, CEL&Inc., Faculty, Contact",Research & Academic Affairs
368,Is there any publication or journal by Sukkur IBA faculty?,"The available information does not specifically mention a faculty publication or institutional journal at Sukkur IBA. The institution supports faculty research through the CEL&Inc. and QEC, but no dedicated journal is named. For updated information, visit www.iba-suk.edu.pk.","Faculty Publication, Journal, Research, CEL&Inc., QEC, Website",Research & Academic Affairs
369,Are students encouraged to publish research at Sukkur IBA?,"While the prospectus does not specifically mention a student publication program, Sukkur IBA strongly promotes research culture through the CEL&Inc., which supports faculty research and student learning, and through the QEC, which focuses on creating a research-based academic environment.","Student Publication, Research Culture, CEL&Inc., QEC, Academic Environment",Research & Academic Affairs
370,Does Sukkur IBA have any HEC-recognized research programs?,"The prospectus does not specifically mention HEC-recognized research programs at Sukkur IBA. However, the institution operates under HEC guidelines through the QEC, has HEC accreditation, and collaborates with HEC through CEL&Inc.'s mission. For specific research program details, please contact Sukkur IBA.","HEC, Research Programs, Recognized, QEC, Accreditation, Contact",Research & Academic Affairs
371,Does Sukkur IBA support faculty research?,"Yes, Sukkur IBA supports faculty research through the CEL&Inc., which advances knowledge and practice of entrepreneurship and innovation through leading faculty research and conferences. The QEC also works to create a research-based environment to strengthen faculty skills and academic quality.","Faculty Research, CEL&Inc., QEC, Innovation, Entrepreneurship, Academic Quality",Research & Academic Affairs
372,Is there any conference or seminar organized at Sukkur IBA for research sharing?,"Yes, Sukkur IBA organizes conferences and seminars. The CEL&Inc. hosts conferences as part of its outreach programs, the QEC organizes training workshops for faculty, and the CDC regularly holds workshops and seminars for students and professionals.","Conferences, Seminars, CEL&Inc., QEC, CDC, Research, Workshops",Research & Academic Affairs
373,Is there a Quality Enhancement Cell (QEC) that ensures academic standards?,"Yes, Sukkur IBA has a Quality Enhancement Cell (QEC) established in April 2010 upon the recommendation of HEC's Quality Assurance Agency. The QEC monitors and enhances existing academic processes, evaluates faculty performance through online course evaluations, conducts self-assessments of academic programs, implements Assurance of Learning (AoL) mechanisms, and assists departments with national and international accreditation processes.","QEC, Quality Assurance, Academic Standards, HEC, Established 2010, Accreditation",Quality Enhancement Cell
374,What does the QEC do at Sukkur IBA?,"The QEC at Sukkur IBA performs several key functions including facilitating departments in preparing Self-Assessment Reports (SARs), evaluating faculty through online teacher/course evaluations, implementing Assurance of Learning (AoL) mechanisms, organizing training sessions for faculty and staff, assisting with national and international accreditations (AACSB, SAQS, EQUIS), and conducting student satisfaction and alumni/employer surveys.","QEC Functions, SAR, Faculty Evaluation, AoL, Accreditation, Student Survey",Quality Enhancement Cell
375,When was the QEC established at Sukkur IBA?,"The Quality Enhancement Cell (QEC) at Sukkur IBA was established in April 2010 upon the recommendation of the Quality Assurance Agency of the Higher Education Commission of Pakistan (QAA-HEC), Islamabad.","QEC, Established, April 2010, HEC, QAA, Islamabad",Quality Enhancement Cell
376,Does Sukkur IBA have an online system for student feedback on teachers?,"Yes, Sukkur IBA has an online teacher/course evaluation system managed by the QEC. Evaluations are conducted twice per semester — once after the completion of the first fortnight and again in the second last week before final exams. Sukkur IBA was among the first HEIs to pioneer this online student feedback system back in 2010.","Online Feedback, Teacher Evaluation, QEC, Twice Per Semester, Pioneer, 2010",Quality Enhancement Cell
377,How does Sukkur IBA evaluate faculty performance?,"Sukkur IBA evaluates faculty performance through an online teacher/course evaluation system managed by the QEC. The evaluation is conducted twice per semester through the CMS. Based on results, letters of appreciation or advice, certificates of recognition, and shields are issued to faculty members. Results are also shared with department heads and institute management.","Faculty Evaluation, QEC, Online, CMS, Letters, Certificate, Recognition",Quality Enhancement Cell
378,Is the QEC at Sukkur IBA affiliated with HEC?,"Yes, the QEC at Sukkur IBA was established upon the recommendation of HEC's Quality Assurance Agency (QAA-HEC). It operates in compliance with HEC Pakistan's quality assurance guidelines and international quality assurance networks.","QEC, HEC, QAA, Affiliated, Quality Assurance, Pakistan",Quality Enhancement Cell
379,Does the QEC conduct student satisfaction surveys?,"Yes, the QEC at Sukkur IBA conducts students' satisfaction surveys regarding institutional facilities. It also conducts alumni and employer surveys to assess overall academic standards, making it a comprehensive quality assurance mechanism.","Student Satisfaction Survey, QEC, Alumni Survey, Employer Survey, Academic Standards",Quality Enhancement Cell
380,Does Sukkur IBA's QEC help with international accreditation?,"Yes, the QEC assists different departments in national and international accreditation processes. This includes support for globally recognized accreditations such as AACSB (Association to Advance Collegiate Schools of Business), AMDISA (SAQS), and EFMD (EQUIS).","QEC, International Accreditation, AACSB, SAQS, EQUIS, National, Departments",Quality Enhancement Cell
381,What courses are offered in the Summer Program?,"Sukkur IBA's Summer Program offers a wide range of courses across multiple fields including Accounting (e.g., Principles of Accounting, Financial Accounting, Managerial Accounting), Management (e.g., Organizational Behavior, Strategic Management, Supply Chain Management), Finance (e.g., Financial Management, Corporate Finance, Portfolio Management), Marketing (e.g., Principles of Marketing, Brand Management, Consumer Behavior), Human Resource Management, Economics, English and Communication, Computer Science, Mathematics and Statistics, Electrical Engineering, and Social Sciences.","Summer Program, Courses, Accounting, Management, Finance, Marketing, HRM, CS",Summer Program
382,What subjects can I study in Sukkur IBA's Summer Program?,"The Summer Program at Sukkur IBA covers subjects across many disciplines including Accounting, Finance, Management, Marketing, HRM, Economics, English and Communication, Computer Science, Mathematics and Statistics, Electrical Engineering, Social Sciences, and more. There are over 100 courses available across these fields.","Subjects, Summer Program, Accounting, Finance, Management, Computer Science",Summer Program
383,Are engineering courses available in the Summer Program at Sukkur IBA?,"Yes, engineering-related courses are available in the Summer Program. Electrical Engineering courses include Analog and Digital Communication, Circuit Analysis, Digital Logic Design, Electronic Devices and Circuits, Microwave and Radar Engineering, Digital Signal Processing, and many more.","Engineering Courses, Summer Program, Electrical, Circuit Analysis, Digital, Communication",Summer Program
384,Does the Summer Program offer computer science courses?,"Yes, the Summer Program offers a comprehensive range of Computer Science courses including Computer Architecture, Database Management Systems, Introduction to Programming, Object-Oriented Programming, Software Engineering, Network Security and Cryptography, Web Engineering, Data Structures, and more.","Computer Science, Summer Program, Programming, Database, Software Engineering, Networks",Summer Program
385,Are mathematics courses available in the Summer Program?,"Yes, the Summer Program offers Mathematics and Statistics courses including College Algebra, Calculus I and II, Business Maths and Statistics, Probability and Statistics, Linear Algebra, Differential Equations, Discrete Structures, Numerical Analysis, and Statistical Inferences.","Mathematics, Statistics, Summer Program, Calculus, Algebra, Probability",Summer Program
386,What management courses are offered in the Summer Program?,"The Summer Program offers a wide range of Management courses including Principles of Management, Organizational Behavior, Strategic Management, Supply Chain Management, Change Management, Production Management, Corporate Strategy, Methods in Business Research, Entrepreneurship, and SAP-Material Management.","Management Courses, Summer Program, Strategic, Organizational Behavior, Supply Chain",Summer Program
387,Does the Summer Program include marketing subjects?,"Yes, the Summer Program includes an extensive list of Marketing courses such as Principles of Marketing, Brand Management, Consumer Behavior, Sales Management, Advertising Management, Export Marketing, Service Marketing, Social Marketing, Entrepreneurship Marketing, and Agri Marketing.","Marketing, Summer Program, Brand Management, Consumer Behavior, Sales, Advertising",Summer Program
388,What English and communication courses are in the Summer Program?,"The Summer Program offers several English and Communication courses including English Grammar, English Composition, Business Communication, Speech Communication, Communication and Presentation Skills, Business and Technical Writing Skills, English Phonetics, and Functional English.","English, Communication, Summer Program, Grammar, Business Communication, Writing",Summer Program
389,Can students from other universities join the Summer Program?,"The prospectus states that the Summer Program is open and lists its advantages for students broadly, suggesting it is not restricted to Sukkur IBA students only. The program mentions providing expert advice on applying to Oxford and Cambridge for undergraduate studies, which indicates it may be open to students from other universities as well. For confirmed eligibility, please contact Sukkur IBA directly.","Other Universities, Summer Program, Open, Eligibility, Contact",Summer Program
390,Is the Sukkur IBA Summer Program open to students from other institutes?,"The prospectus describes the Summer Program's benefits broadly without restricting it to Sukkur IBA students, and it mentions guidance for applying to international universities like Oxford and Cambridge. This suggests the program may be open to students from other institutes. It is recommended to contact Sukkur IBA for official enrollment eligibility.","Summer Program, Other Institutes, Open, Enrollment, Oxford, Cambridge",Summer Program
391,Can a student from a different university attend summer classes at Sukkur IBA?,The available prospectus does not explicitly state whether students from other universities are allowed to enroll in the Summer Program. The program's broad advantages and wide course offerings suggest it may be open to external students. Please contact Sukkur IBA's admissions office for confirmation.,"Different University, Summer Classes, External Students, Eligibility, Admissions",Summer Program / Admissions
392,Is the Summer Program only for Sukkur IBA students?,"The prospectus does not explicitly restrict the Summer Program to Sukkur IBA students only. The program offers a wide range of courses and mentions benefits like guidance for applying to Oxford and Cambridge, suggesting it may be accessible to students from other institutions as well. Contact the admissions office for official confirmation.","Summer Program, Sukkur IBA Students, External, Restriction, Admissions",Summer Program / Admissions
393,Can fresh intermediate students join the Summer Program at Sukkur IBA?,"The prospectus does not specify age or education level restrictions for the Summer Program. Given the wide variety of courses offered — from foundational to advanced levels — it may be accessible to fresh intermediate students. For exact eligibility criteria, contact Sukkur IBA directly.","Fresh Students, Intermediate, Summer Program, Eligibility, Foundational Courses",Summer Program
394,What are the benefits of joining Sukkur IBA's Summer Program?,"The Summer Program offers several benefits including expert advice on applying to Oxford and Cambridge, development of soft skills like networking, teamwork, and leadership, interview performance training, active class participation, critical thinking development, use of latest teaching techniques, interactive learning, and co-curricular activities.","Benefits, Summer Program, Soft Skills, Oxford, Cambridge, Leadership, Interview",Summer Program
395,Does the Summer Program help students apply to international universities?,"Yes, alongside the courses offered, Sukkur IBA's Summer Program provides expert advice to students on applying to Oxford and Cambridge for their undergraduate studies and guidance on suitable career paths based on their intellectual abilities.","International Universities, Oxford, Cambridge, Summer Program, Undergraduate, Career",Summer Program
396,Does the Summer Program develop soft skills in students?,"Yes, the Summer Program emphasizes the development of soft skills such as networking, teamwork, and leadership. It also trains students in interview techniques, critical thinking, and active class participation through interactive and co-curricular activities.","Soft Skills, Networking, Teamwork, Leadership, Summer Program, Interview",Summer Program
397,Are summer courses credit-bearing?,"The prospectus mentions that students already enrolled at Sukkur IBA can use summer courses to clear deficiencies, and graduates can opt for up to three courses in summer semester with approval of the competent authority. This indicates summer courses do carry academic credit. However, explicit confirmation of credit-bearing status for external students is not mentioned. It is advisable to contact Sukkur IBA for full details.","Credit-Bearing, Summer Courses, Deficiencies, Academic Credit, Graduates",Summer Program / Academic Affairs
398,Do summer courses count toward my degree at Sukkur IBA?,"Based on the academic policies, summer courses at Sukkur IBA can be used by enrolled students to clear deficiencies and count toward degree requirements. Students not doing internships can clear up to two deficiencies during summer. Graduates may also opt for up to three courses with approval. This suggests summer courses do count toward the degree.","Summer Courses, Degree, Deficiencies, Academic Credit, Enrolled Students",Summer Program / Academic Affairs
399,Can I earn academic credits in the Summer Program at Sukkur IBA?,"Yes, summer courses at Sukkur IBA appear to be credit-bearing for enrolled students. Enrolled students can use summer courses to clear course deficiencies, and graduates can opt for additional courses in summer with competent authority approval. For external students, please confirm with the admissions office.","Academic Credits, Summer Program, Credit-Bearing, Deficiencies, Graduates",Summer Program
400,Are the courses taken in summer session recognized for degree completion?,"Yes, summer session courses at Sukkur IBA are recognized for degree purposes. Enrolled students can use them to clear deficiencies and fulfill degree requirements. Graduates who have passed out may also opt for up to three courses in summer with the approval of the competent authority.","Summer Session, Degree Completion, Recognized, Deficiencies, Graduates",Summer Program / Academic Affairs
401,How many courses can I take in a summer session?,"According to the academic policy, students not doing an internship can clear up to two deficiencies in a summer session. Graduates who have passed out can opt for up to three courses with the approval of the competent authority. Students doing an internship are limited to clearing one deficiency.","Summer Session, Courses, Two Deficiencies, Graduates, Three Courses, Internship",Summer Program / Academic Affairs
402,Is the Summer Program curriculum the same as the regular semester?,"The Summer Program offers many of the same courses available in regular semesters, covering fields like Accounting, Finance, Management, Marketing, Computer Science, and more. However, the summer session follows different rules regarding course load and attendance (only three absences allowed). The curriculum content appears consistent with regular semester offerings.","Summer Program, Curriculum, Regular Semester, Course Load, Attendance",Summer Program
403,Are SAP courses offered in the Summer Program?,"Yes, SAP courses are included in the Summer Program. These include SAP-Sales and Distribution (Marketing), SAP-Human Resource Capital Management (HRM), SAP-Material Management (Management), and SAP-Financial Information and Confirmation (Finance).","SAP Courses, Summer Program, Sales, HRM, Finance, Material Management",Summer Program
404,Can I clear deficiencies through summer courses?,"Yes, students at Sukkur IBA can clear deficiencies through summer courses. Students not doing an internship can clear up to two deficiencies during the summer session. Students doing an internship are allowed to clear one deficiency. Withdrawal from one course is also permitted in the summer session, provided it is done at least one week before the final examinations.","Deficiencies, Summer Courses, Clear, Internship, Two Courses, One Course",Summer Program / Academic Affairs
405,How many deficient courses can I clear in a summer session?,Students not on internship can clear up to two deficiencies in a summer session. Students doing an internship are limited to clearing only one deficiency during the summer semester.,"Deficient Courses, Summer Session, Two, One, Internship, Clear",Summer Program / Academic Affairs
406,Can internship students also clear deficiencies in summer?,"Yes, but with a limitation. Students doing an internship during the summer semester are allowed to make good only one deficiency. They are not allowed to register for an advanced credit or an additional course alongside the internship.","Internship, Deficiency, Summer, One Course, Limitation, Policy",Summer Program / Academic Affairs
407,What is the rule for clearing backlogs in summer at Sukkur IBA?,"Students not on internship can clear up to two backlogs (deficiencies) during the summer semester. Internship students can clear only one. Students may also withdraw from one course during summer, provided the withdrawal is sought at least one week before the final examinations.","Backlogs, Deficiencies, Summer, Two Courses, Internship, Withdrawal",Summer Program / Academic Affairs
408,Can I fail in a subject and then clear it in summer?,"Yes, if you have a deficiency in a subject, you can clear it during the summer session. Students not doing an internship can clear up to two deficiencies, while internship students can clear one deficiency during summer.","Fail, Deficiency, Clear, Summer, Two Courses, One Course, Internship",Summer Program / Academic Affairs
409,Is summer semester treated as a full semester at Sukkur IBA?,"Yes, the summer semester is treated as a full semester at Sukkur IBA. The CGPA is computed at the end of each semester including the summer semester that a student may have enrolled in.","Summer Semester, Full Semester, CGPA, Computed, Academic Policy",Summer Program / Academic Affairs
410,Can I withdraw from a summer course at Sukkur IBA?,"Yes, students are allowed to withdraw from one course during the summer semester. The withdrawal should be sought at any time at least one week before the start of the final examinations.","Withdraw, Summer Course, One Course, One Week, Final Exams, Policy",Summer Program / Academic Affairs
411,How many absences are allowed in summer session?,Students are allowed to avail themselves of only three absences during the summer session. This is fewer than the six absences permitted in a regular semester.,"Absences, Summer Session, Three, Attendance, Policy",Summer Program / Academic Affairs
412,Can graduates take courses in the summer semester at Sukkur IBA?,"Yes, graduates who have passed out can opt for up to three courses in the summer semester with the approval of the competent authority.","Graduates, Summer Semester, Three Courses, Competent Authority, Approval",Summer Program / Academic Affairs
413,"What sports facilities are available (cricket, football, gym)?","Sukkur IBA has a wide range of sports facilities including a cricket ground, football ground, badminton courts, basketball courts, and a fully functional fitness gym. These facilities are available to both on-campus residents and day scholars. The Sports and Adventure Society organizes regular tournaments including the Sukkur IBA Super League and LIGA SIBA.","Sports Facilities, Cricket, Football, Gym, Badminton, Basketball, Campus",Student Affairs
414,Does Sukkur IBA have a cricket ground?,"Yes, Sukkur IBA has a cricket ground on campus. The Sports and Adventure Society organizes cricket tournaments including the Sukkur IBA Super League. The ground is available to on-campus residents and day scholars alike.","Cricket Ground, Sports, Sukkur IBA Super League, Tournaments, Students",Student Affairs
415,Is there a gym on the Sukkur IBA campus?,"Yes, Sukkur IBA has a fully functional fitness gym available to both on-campus residents and day scholars. It is part of the institute's commitment to promoting extra-curricular activities and physical well-being among students.","Gym, Fitness, Campus, Sports, Day Scholars, Residents",Student Affairs
416,Can day scholars use the sports facilities at Sukkur IBA?,"Yes, the sports facilities at Sukkur IBA are available to both on-campus residents and day scholars. These include the cricket ground, football ground, badminton courts, basketball courts, and the fitness gym.","Day Scholars, Sports Facilities, Cricket, Football, Gym, Basketball",Student Affairs
417,What sports tournaments are organized at Sukkur IBA?,"Sukkur IBA hosts several sports tournaments including cricket (Sukkur IBA Super League), football (LIGA SIBA), and badminton tournaments. These events are organized among students, faculty, staff, and intra-departmental teams by the Sports and Adventure Society.","Sports Tournaments, Cricket, Football, Badminton, Super League, LIGA SIBA",Student Affairs
418,What is the Sports and Adventure Society at Sukkur IBA?,"The Sports and Adventure Society is a student society at Sukkur IBA that plays an active role in organizing sports events. It organizes major tournaments including the Sukkur IBA Super League (cricket), LIGA SIBA (football), and badminton tournaments among students, faculty, staff, and intra-departmental teams.","Sports and Adventure Society, Cricket, Football, Badminton, Tournaments, Students",Student Affairs
419,Are there football facilities at Sukkur IBA?,"Yes, Sukkur IBA has a football ground on campus. Football tournaments are regularly organized by the Sports and Adventure Society, including the LIGA SIBA football tournament, for students, faculty, and staff.","Football, Ground, LIGA SIBA, Tournament, Sports, Campus",Student Affairs
420,Does Sukkur IBA promote physical fitness and sports among students?,"Yes, Sukkur IBA actively promotes physical fitness and sports. The campus has a cricket ground, football ground, badminton and basketball courts, and a fitness gym. The Sports and Adventure Society organizes regular tournaments, and the institute believes sports help students learn cooperation, teamwork, and time management.","Physical Fitness, Sports, Cooperation, Teamwork, Campus, Tournaments",Student Affairs
421,"Are there student societies (e.g., debating, music, entrepreneurship)?","Yes, Sukkur IBA has several student societies. These include the Sports and Adventure Society (organizes sports events), the Public Speaking and Literary Society (organizes TEDx Sukkur IBA), and student bodies that organize cultural events, music concerts, and folk music events. The CEL&Inc. also engages students in entrepreneurship activities through events like Dice Vice.","Student Societies, Sports, Public Speaking, Literary, Music, Entrepreneurship",Student Affairs
422,Is there a public speaking or debating society at Sukkur IBA?,"Yes, Sukkur IBA has a Public Speaking and Literary Society. This society is responsible for organizing the TEDx Sukkur IBA events, which are held annually to encourage intellectual dialogue and deep conversations within the campus community.","Public Speaking, Literary Society, Debating, TEDx, Annual Event",Student Affairs
423,Does Sukkur IBA have a music or cultural society?,"Yes, Sukkur IBA has student bodies that organize cultural and music activities. These include music concerts, cultural exhibitions, folk music events, and other campus activities. Cultural and music events take place frequently to promote culture and enrich student memories.","Music, Cultural Society, Concerts, Folk Music, Exhibitions, Campus",Student Affairs
424,Is there an entrepreneurship club or society at Sukkur IBA?,"Yes, entrepreneurship is actively promoted at Sukkur IBA through the CEL&Inc. (Center for Entrepreneurial Leadership and Incubation). Students participate in events like the Dice Vice annual business plan competition and can engage with CEL&Inc.'s entrepreneurial development programs and community activities.","Entrepreneurship, CEL&Inc., Dice Vice, Business Plan, Students, Society",Student Affairs
425,What student societies are active at Sukkur IBA?,"Active student societies at Sukkur IBA include the Sports and Adventure Society (organizing sports tournaments like Sukkur IBA Super League and LIGA SIBA) and the Public Speaking and Literary Society (organizing TEDx Sukkur IBA). Student bodies also organize cultural events, music concerts, and health-related activities like blood donation camps.","Student Societies, Sports, Public Speaking, TEDx, Cultural Events, Blood Donation",Student Affairs
426,Can students join co-curricular clubs at Sukkur IBA?,"Yes, Sukkur IBA strongly encourages student participation in co-curricular activities. Students can join societies such as the Sports and Adventure Society and the Public Speaking and Literary Society, and can participate in various cultural, entrepreneurial, health, and environmental activities organized on campus.","Co-Curricular, Clubs, Sports Society, Literary Society, Activities, Campus",Student Affairs
427,Does Sukkur IBA have a society for environmental awareness?,"While there is no specifically named environmental society, Sukkur IBA in collaboration with WWF Pakistan regularly conducts awareness sessions to educate students about the preservation of the environment. Every year, a plantation drive also takes place on campus, and students are encouraged to be socially responsible citizens.","Environmental Awareness, WWF, Plantation Drive, Sustainability, Students, Society",Student Affairs
428,Does Sukkur IBA have student-led organizations?,"Yes, Sukkur IBA has several student-led organizations including the Sports and Adventure Society, which organizes major sports tournaments, and the Public Speaking and Literary Society, which leads the TEDx Sukkur IBA initiative. Student bodies also organize cultural events, music concerts, and community activities like the Family Fun Festival.","Student-Led, Organizations, Sports Society, Literary Society, TEDx, Cultural",Student Affairs
429,Does the university organize cultural events or musical nights?,"Yes, Sukkur IBA regularly organizes cultural and musical events. Student bodies organize music concerts, cultural exhibitions, and folk music events on campus. An Alumni Reunion was also accompanied by a musical night featuring renowned vocalist Jawad Ahmed. These events are described as a frequent and important part of campus life.","Cultural Events, Musical Night, Music Concerts, Folk Music, Alumni, Jawad Ahmed",Student Affairs
430,Has Sukkur IBA organized a musical night for students?,"Yes, Sukkur IBA has organized musical nights. During the Alumni Reunion, a musical night was arranged featuring renowned vocalist Jawad Ahmed. Additionally, student bodies regularly organize music concerts and cultural events on campus throughout the academic year.","Musical Night, Alumni Reunion, Jawad Ahmed, Music Concert, Students, Campus",Student Affairs
431,Are cultural exhibitions held at Sukkur IBA campus?," Yes, cultural exhibitions are organized at Sukkur IBA as part of the campus co-curricular activities. Student bodies arrange cultural exhibitions, music concerts, and folk music events frequently to promote culture and enrich student memories.","Cultural Exhibitions, Campus, Student Bodies, Folk Music, Music Concerts",Student Affairs
432,Does Sukkur IBA celebrate cultural events?,"Yes, cultural events are a regular feature of campus life at Sukkur IBA. Student bodies organize music concerts, cultural exhibitions, and folk music events. The Family Fun Festival is also organized with cultural stalls displaying garments, cultural wear, and food items.","Cultural Events, Music, Folk Music, Family Fun Festival, Cultural Stalls, Campus",Student Affairs
433,What kind of music events take place at Sukkur IBA?,"Sukkur IBA hosts a variety of music events including music concerts, folk music events, and cultural music performances organized by student bodies. During the Alumni Reunion, a special musical night was held featuring renowned Pakistani vocalist Jawad Ahmed.","Music Events, Concerts, Folk Music, Alumni Reunion, Jawad Ahmed, Cultural",Student Affairs
434,Is there a Family Fun Festival at Sukkur IBA?,"Yes, Sukkur IBA organized a Family Fun Festival within its campus under the theme ""Help Us Change Lives."" The festival was held to raise funds for needy and meritorious students. Over 1,000 families from the Sukkur region attended, and stalls included food, gifts, face painting, garments, cultural wear, furniture, and children's play areas.","Family Fun Festival, Fundraising, 1000 Families, Cultural, Stalls, Students",Student Affairs
435,Does Sukkur IBA organize events that involve the local community?,"Yes, Sukkur IBA actively engages the local community. The Family Fun Festival attracted over 1,000 families from the Sukkur region, TEDx events invite social activists and community figures, WWF-supported environmental awareness sessions target the Sukkur IBA community, and blood donation camps engage students in social causes.","Local Community, Family Fun Festival, TEDx, WWF, Blood Donation, Social Events",Student Affairs
436,Is there a blood donation camp or health week?,"Yes, Sukkur IBA regularly organizes both health weeks and blood donation camps on campus. Famous doctors and medical experts visit to create awareness about health issues like stress management and healthy diet. Students also generate funds to support patients with diseases like Thalassemia. These activities are a regular and important part of students' extra-curricular activities.","Blood Donation, Health Week, Doctors, Thalassemia, Campus, Awareness",Student Affairs
437,Does Sukkur IBA organize health awareness events?,"Yes, Sukkur IBA organizes health week events on campus where famous doctors and medical experts visit to create awareness about important health issues including stress management and healthy diet. These events are a regular feature of students' extra-curricular calendar.","Health Awareness, Doctors, Stress Management, Healthy Diet, Events, Campus",Student Affairs
438,Can I donate blood at Sukkur IBA?,"Yes, blood donation camps are regularly organized at Sukkur IBA. These camps encourage young students to donate blood and contribute to a cause beyond themselves. Students also generate funds to support patients suffering from diseases such as Thalassemia.","Blood Donation, Camp, Students, Thalassemia, Social Cause, Awareness",Student Affairs
439,Are there medical experts who visit Sukkur IBA for health programs?,"Yes, famous doctors and medical experts regularly visit the Sukkur IBA campus during health week events. They create awareness about burning health issues such as stress management and maintaining a healthy diet.","Medical Experts, Doctors, Health Week, Stress Management, Diet, Campus",Student Affairs
440,Does Sukkur IBA support Thalassemia patients?,"Yes, students at Sukkur IBA generate funds during blood donation camps and health week events to support needy patients of various diseases including Thalassemia. These activities help build civic sense and social responsibility among students.","Thalassemia, Blood Donation, Fundraising, Students, Social Responsibility, Patients",Student Affairs
441,How does Sukkur IBA promote civic sense among students?,"Sukkur IBA promotes civic sense through regular health weeks, blood donation camps, environmental awareness sessions (with WWF support), plantation drives, and community fundraising events like the Family Fun Festival. These activities are designed to make students socially responsible citizens.","Civic Sense, Health Week, Blood Donation, WWF, Plantation Drive, Social Responsibility",Student Affairs
442,Are health-related activities a regular part of campus life at Sukkur IBA?,"Yes, health-related activities are described as a regular and important feature of students' extra-curricular activities at Sukkur IBA. Health weeks and blood donation camps are organized regularly, and the campus also has a free medical clinic with general physicians for students, faculty, and staff.","Health Activities, Regular, Blood Donation, Health Week, Medical Clinic, Campus",Student Affairs
443,Is there a free medical clinic at Sukkur IBA?,"Yes, Sukkur IBA has established a free medical care clinic with separate facilities for female and male students and staff. Two general physicians — one for girls and one for boys — are appointed to provide first aid, medical care, and free medical advisory services. Patient data is maintained on computerized records for quick diagnosis.","Free Medical Clinic, General Physicians, Boys, Girls, First Aid, Computerized Records",Student Affairs / Health Services
444,Can students participate in TEDx Sukkur IBA?,"Yes, students can participate in TEDx Sukkur IBA. The initiative is taken by students and faculty from the Public Speaking and Literary Society. The event is organized annually with a new theme each year. Students can contribute as organizers, speakers, or participants, as the event invites people with life achievements in their fields including emerging young talents of Pakistan.","TEDx, Students, Participate, Public Speaking, Literary Society, Annual",Student Affairs
445,What is TEDx Sukkur IBA?,"TEDx Sukkur IBA is an independently organized TED Talk event at Sukkur IBA, initiated by students and faculty through the Public Speaking and Literary Society. The first event was held in August 2016 with the theme ""Being Different."" It is held annually, each year with a new theme, and invites speakers who are social activists, literary figures, nationally and internationally recognized individuals, and emerging young talents of Pakistan.","TEDx, Sukkur IBA, TED Talk, 2016, Being Different, Public Speaking, Annual",Student Affairs
446,When was the first TEDx event held at Sukkur IBA?,"The first TEDx event at Sukkur IBA was held in August 2016 with the theme ""Being Different."" It was organized by students and faculty from the Public Speaking and Literary Society, and the event has since been held annually with a new theme each year.","TEDx, First Event, August 2016, Being Different, Public Speaking, Annual",Student Affairs
447,Who organizes TEDx Sukkur IBA?,TEDx Sukkur IBA is organized by students and faculty from the Public Speaking and Literary Society. The initiative represents a collaborative effort between students and faculty to create deep conversations and intellectual dialogue within the Sukkur IBA community.,"TEDx, Organizer, Public Speaking, Literary Society, Students, Faculty",Student Affairs
448,What kinds of speakers are invited to TEDx Sukkur IBA?,"TEDx Sukkur IBA invites people who have life achievements in their relevant fields. These include social activists, literary figures, nationally and internationally recognized individuals, and emerging young talents of Pakistan. Each year, speakers are chosen according to the annual theme of the event.","TEDx Speakers, Social Activists, Literary Figures, Young Talents, National, International",Student Affairs
449,How often is TEDx Sukkur IBA organized?,"TEDx Sukkur IBA is organized annually. Each edition features a new theme, and the event has been a regular feature of the campus's intellectual and cultural calendar since its first event in August 2016.","TEDx, Annual, Frequency, New Theme, Campus, Intellectual",Student Affairs
450,What is the purpose of TEDx Sukkur IBA?,"The purpose of TEDx Sukkur IBA is to create deep conversations and engage the Sukkur IBA community in intellectual dialogue. The event brings together thought leaders, social activists, and emerging talents to share ideas and inspire the campus community through independently organized TED Talks.","TEDx Purpose, Intellectual Dialogue, Deep Conversations, Inspiration, Community, Campus",Student Affairs
451,Can students speak at TEDx Sukkur IBA?,"Yes, students with relevant life achievements or contributions can potentially be invited as speakers. TEDx Sukkur IBA specifically invites emerging young talents of Pakistan alongside established figures, giving students with impactful stories or achievements an opportunity to speak.","Students, Speak, TEDx, Young Talents, Invited, Achievements",Student Affairs
452,Is TEDx Sukkur IBA open to the public?,"The prospectus does not explicitly state whether TEDx Sukkur IBA is open to the public. However, given that it invites nationally and internationally recognized individuals and aims to engage the broader Sukkur IBA community, it may be accessible to students, faculty, staff, and invited guests. For attendance details, contact Sukkur IBA directly.","TEDx, Public, Attendance, Community, Open, Contact",Student Affairs
453,What is the Talent Hunt Program (THP)?,"The Talent Hunt Program (THP) is a six-month foundation semester introduced by Sukkur IBA in 2007 to prepare underprivileged students for higher education. It covers basic courses in English, Mathematics, and ICT. The program is a community service with no tuition fees, and provides free books, accommodation, transport, and a monthly stipend of Rs. 3,000. In 2015-16, it expanded nationally with the support of OGDCL, admitting students from all districts of Pakistan.","THP, Talent Hunt Program, Foundation Semester, 2007, Underprivileged, OGDCL",Talent Hunt Program
454,What is the purpose of the Talent Hunt Program at Sukkur IBA?,"The THP aims to reduce the rural-urban divide by developing the capacities and competencies of underprivileged students so they can access and succeed in quality higher education. It builds a strong foundation in Mathematics, ICT, and English to prepare students for regular degree programs.","THP Purpose, Rural-Urban Divide, Underprivileged, Foundation, Mathematics, English, ICT",Talent Hunt Program
455,When was the Talent Hunt Program started at Sukkur IBA?,"The Talent Hunt Program (THP) was introduced by Sukkur IBA in the year 2007, recognizing that students completing 12th grade were not fully ready to enter higher education directly.","THP, Started, 2007, Sukkur IBA, Foundation, Higher Education",Talent Hunt Program
456,Is THP a free program?,"Yes, THP is completely free for enrolled students. No tuition fees are charged. Students are provided free books, bags, and study materials, free accommodation, free transport (pick and drop), and a monthly stipend of Rs. 3,000 for personal expenses.","THP, Free, No Tuition, Books, Accommodation, Transport, Stipend",Talent Hunt Program
457,How successful has the THP been at Sukkur IBA?,"THP has been very successful. According to the impact data, 84.68% of students who entered through THP survived (did not drop out), compared to only 47.26% of direct intake students. Over the years, the number of applicants grew from 900 in 2007 to 6,500 in 2016, demonstrating increasing reach and success.","THP Success, 84.68%, Survival Rate, Drop Out, Direct Intake, Statistics",Talent Hunt Program
458,What is the National Talent Hunt Program?,"The National Talent Hunt Program is the expanded version of THP launched in 2015-16 with OGDCL support. It reached all districts of Pakistan through over 100 outreach seminars, communicating with more than 93,000 students and parents. The institute received over 6,000 applications and admitted 300 students (75 from each province) at 14 examination centers nationwide.","National THP, OGDCL, 93000 Students, 300 Admitted, Outreach, 14 Centers",Talent Hunt Program
459,How many students applied for THP in 2016?,"In 2016, approximately 6,500 students applied for the Talent Hunt Program. This is a significant increase from 900 applicants in 2007, reflecting the program's growing national reach and popularity.","THP, 2016, 6500 Applicants, Statistics, Growth, National",Talent Hunt Program
460,What benefits do THP students receive at Sukkur IBA?,"THP students receive numerous benefits including: no tuition fees, free books, bags, and study materials, free accommodation, free pick-and-drop transport, a monthly stipend of Rs. 3,000 for personal expenses, and laptops and cash prizes for high-performing students in academic and extra-curricular activities like the Math Olympiad and Book Review competition.","THP Benefits, No Fees, Free Books, Accommodation, Transport, Stipend, Laptops",Talent Hunt Program
461,Who is eligible for the Foundation Semester?,"The Foundation Semester (THP) is designed for underprivileged students from across Pakistan who have completed their 12th grade (intermediate/FSc) education but are not yet ready for higher education. In the National THP, 75 students from each of the four provinces are admitted. Students with special needs are also supported, provided they submit a medical certificate.","Eligibility, Foundation Semester, THP, Underprivileged, 12th Grade, Provinces",Talent Hunt Program
462,Can any student join the Foundation Semester at Sukkur IBA?,"The Foundation Semester is primarily designed for underprivileged students who have completed their 12th grade education. Students from all districts of Pakistan can apply. Selection is through an entrance examination, and in the National THP, 75 students are admitted from each province.","Foundation Semester, Any Student, Underprivileged, 12th Grade, Districts, Provinces",Talent Hunt Program
463,Is the Foundation Semester only for students from Sindh?,"No, the Foundation Semester through the National Talent Hunt Program is open to students from all districts of Pakistan. In the national program, 75 students are admitted from each of the four provinces, ensuring nationwide representation.","Foundation Semester, Sindh, All Provinces, National, Pakistan, Districts",Talent Hunt Program
464,Do I need to appear in an entrance exam for the Foundation Semester?,"Yes, students need to appear in an entrance examination to be selected for the Foundation Semester. For the National THP, the entrance exam was conducted at 14 centers throughout Pakistan to select students from all provinces.","Entrance Exam, Foundation Semester, THP, 14 Centers, Selection, National",Talent Hunt Program
465,Can rural students apply for the Foundation Semester at Sukkur IBA?,"Yes, the THP Foundation Semester is specifically designed to reduce the rural-urban divide. Sukkur IBA conducted outreach seminars in districts where no university had previously reached, and communicated directly with over 93,000 students and parents across Pakistan to encourage applications from rural areas.","Rural Students, Foundation Semester, Rural-Urban Divide, Outreach, Districts, Pakistan",Talent Hunt Program
466,What is the selection process for the Foundation Semester?,"Selection for the Foundation Semester involves an entrance examination. Sukkur IBA conducts outreach seminars to attract applicants and then holds entrance exams at multiple centers. In the National THP, exams were held at 14 centers across Pakistan, and 300 students (75 from each province) were admitted.","Selection Process, Entrance Exam, 14 Centers, 300 Students, 75 Per Province, THP",Talent Hunt Program
467,Are students with disabilities eligible for the Foundation Semester?,"Yes, students with special needs are supported in the Foundation Semester. The program endeavors to provide specialist support to students who have learning differences or disabilities, provided they submit a medical certificate.","Disabilities, Special Needs, Foundation Semester, Medical Certificate, Support",Talent Hunt Program
468,How many students are admitted to THP each year?,"The number of students selected for THP has grown significantly over the years. Starting from 200 in 2007, the program admitted 350 students in 2015 and 2016. In the National THP, 300 students were admitted (75 from each province) at a national level.","THP, Admitted Students, 350, 300 National, Statistics, Growth, Annual",Talent Hunt Program
469,What subjects are taught in the Foundation Semester?,"The Foundation Semester teaches three core subjects: English, Mathematics, and ICT (Information and Communication Technology). English covers grammar, composition, reading, writing, speaking, and listening. Mathematics covers algebra, trigonometry, matrices, functions, and more. ICT covers computers, operating systems, internet security, social media, and networks.","Foundation Semester, English, Mathematics, ICT, Subjects, Core Courses",Talent Hunt Program
470,What topics are covered in the Mathematics course of the Foundation Semester?,"The Mathematics course in the Foundation Semester covers elementary operations, sets, simultaneous equations, indices, surds and exponents, quadratic expressions, polynomials, matrices, coordinate geometry, functions, trigonometry, logarithmic and exponential equations, LCM, HCF, and linear and non-linear equations.","Mathematics, Foundation Semester, Topics, Algebra, Trigonometry, Matrices, Functions",Talent Hunt Program
471,Is English taught in the Foundation Semester?,"Yes, English is one of the three core subjects taught in the Foundation Semester. The English curriculum covers sentence structures, types of paragraphs, parts of speech, tenses, active/passive voice, and skills in reading, writing, speaking, and listening, including academic writing and book review.","English, Foundation Semester, Grammar, Writing, Speaking, Reading, Listening",Talent Hunt Program
472,What ICT topics are included in the Foundation Semester?,"The ICT curriculum in the Foundation Semester covers computer basics, smart devices, operating systems, computer networks, social media, internet and internet security, office applications, file management, and basic computer operations.","ICT, Foundation Semester, Computers, Networks, Internet Security, Operating System",Talent Hunt Program
473,How many hours per week should Foundation Semester students study?,Students are required to devote approximately 11 hours per week to each subject in a semester — about 10 hours in interactive classroom sessions and 1 hour working independently or in a group at the hostel.,"Study Hours, Foundation Semester, 11 Hours, Classroom, Independent Study",Talent Hunt Program
474,Are there any competitions in the Foundation Semester?,"Yes, the Foundation Semester includes two major competitions: the Book Review Competition and the Mathematics Olympiad. The Book Review Competition involves group reading and presentation of a novelette, while the Math Olympiad involves multiple competitive rounds including quarter-finals, semi-finals, and finals. Top performers in both competitions are awarded laptops and cash prizes.","Competitions, Book Review, Math Olympiad, Foundation Semester, Laptops, Prizes",Talent Hunt Program
475,What skills does the Foundation Semester develop?,"The Foundation Semester develops strong academic foundations in Mathematics, ICT, and English, along with problem-solving skills, teamwork and leadership abilities, critical thinking, communication and presentation skills, receptive and productive language skills, and computer and ICT proficiency.","Skills, Foundation Semester, Problem Solving, Teamwork, Leadership, Communication",Talent Hunt Program
476,How is student performance assessed in the Foundation Semester?,"Student performance in the Foundation Semester is assessed through a combination of graded and non-graded tasks. The marks distribution per course is: Assignment (5), Quizzes (5), Class Participation (5), Term Report (5), Mid Term Exam I (20), Mid Term Exam II (20), and Final Examinations (40), totaling 100 marks.","Assessment, Foundation Semester, Marks Distribution, Mid Term, Final Exam, Grading",Talent Hunt Program
477,What GPA is needed in the Foundation Semester to get regular admission?,Students must maintain a minimum GPA of 2.2 on a cumulative basis in the Foundation Semester by passing all courses/subjects to qualify for admission into a regular degree program at Sukkur IBA.,"GPA, Foundation Semester, 2.2, Regular Admission, Cumulative, Pass",Talent Hunt Program / Admissions
478,What is the minimum CGPA required to pass the Foundation Semester?,The minimum CGPA required to pass the Foundation Semester and qualify for admission into a regular degree program is 2.2. Students must pass all courses/subjects to meet this requirement.,"CGPA, Foundation Semester, Minimum, 2.2, Pass, Degree Program",Talent Hunt Program
479,"If I get a 2.0 GPA in the Foundation Semester, will I qualify for a degree program?","No, a GPA of 2.0 is not sufficient. You must achieve a minimum cumulative GPA of 2.2 by passing all courses in the Foundation Semester to qualify for admission into a regular degree program at Sukkur IBA.","2.0 GPA, Foundation Semester, Not Sufficient, 2.2, Qualify, Degree",Talent Hunt Program
480,What happens if I don't achieve a 2.2 GPA in the Foundation Semester?,"If you fail to achieve a minimum cumulative GPA of 2.2 in the Foundation Semester, you will not qualify for admission into a regular degree program at Sukkur IBA. The 2.2 GPA requirement is a mandatory passing criteria for the Foundation Semester.","Below 2.2, Foundation Semester, Not Qualify, Degree Program, GPA Requirement",Talent Hunt Program
481,How is GPA calculated in the Foundation Semester?,"GPA in the Foundation Semester is calculated at the end of the semester based on the grading scale. Grades range from A (4.00, 93% and above) to F (0.00, 0-59%). Performance is assessed through assignments, quizzes, class participation, term reports, mid-term exams, and final examinations.","GPA Calculation, Foundation Semester, Grading Scale, A to F, Assessment",Talent Hunt Program
482,What grade corresponds to a GPA of 2.2 in the Foundation Semester?,"Based on the grading policy, a GPA of 2.2 corresponds to a C+ grade, which requires a percentage of 68-71%. A GPA of 2.0 corresponds to a C grade (64-67%). Students must maintain at least a 2.2 cumulative GPA to qualify for regular admission.","GPA 2.2, C+ Grade, 68-71%, Foundation Semester, Grading Policy",Talent Hunt Program
483,How many students from THP qualify for regular programs each year?,"The number of THP students qualifying for regular programs has grown over the years. In 2007, 59 students qualified; by 2016, 146 students qualified. Among these, a significant number also qualified with fully funded scholarships — 31 in 2007 and 73 in 2016.","THP, Qualify, Regular Programs, Statistics, 146, Fully Funded Scholarship",Talent Hunt Program
484,Does a higher GPA in the Foundation Semester lead to a scholarship?,"Yes, students who qualify for the regular program through THP with strong academic performance may also receive a fully funded scholarship. Statistics show that in 2016, 73 out of 146 students who qualified for regular programs received fully funded scholarships.","GPA, Scholarship, Foundation Semester, Fully Funded, THP, Regular Program",Talent Hunt Program / Financial Aid
485,Is the Foundation Semester free?,"Yes, the Foundation Semester under THP is completely free. No tuition fees are charged. Students receive free books, bags, and study materials, free accommodation, free pick-and-drop transport, and a monthly stipend of Rs. 3,000. The program is a community service supported by the Sindh Government's Community Development Program.","Foundation Semester, Free, No Tuition, Books, Accommodation, Stipend, Transport",Talent Hunt Program
486,Do THP students have to pay any fees?,"No, THP students are not required to pay any tuition fees. The program is entirely free. Students also receive free study materials, free accommodation, free transport, and a monthly stipend of Rs. 3,000 for personal expenses.","THP, No Fees, Free, Study Materials, Accommodation, Transport, Stipend",Talent Hunt Program
487,Does Sukkur IBA provide free accommodation in the Foundation Semester?,"Yes, accommodation is provided free of cost to students enrolled in the THP Foundation Semester. This is one of the key salient features of the program designed to support underprivileged students from across Pakistan.","Free Accommodation, Foundation Semester, THP, Salient Features, Underprivileged",Talent Hunt Program
488,Is there a monthly stipend for THP students?,"Yes, each THP student receives a monthly stipend of Rs. 3,000 for personal expenses. This is provided in addition to free tuition, accommodation, transport, and study materials.","Stipend, Rs. 3000, THP, Monthly, Personal Expenses, Free",Talent Hunt Program
489,Are books and study materials provided for free in THP?,"Yes, books, bags, dictionaries, stationery, and other study materials are provided free of cost to all THP students. These are distributed by the Program Coordinator and students can keep them after completing the course.","Books, Study Materials, Free, THP, Stationery, Coordinator, Keep",Talent Hunt Program
490,Who funds the Talent Hunt Program at Sukkur IBA?,The THP is a community service supported by the Sindh Government's Community Development Program. The National THP expansion in 2015-16 was supported by Oil and Gas Development Company Limited (OGDCL). Various donors and scholarships also support students who qualify for regular programs.,"THP Funding, Sindh Government, OGDCL, Community Development, Donors, Scholarships",Talent Hunt Program
491,Do THP students get laptops?,"Yes, laptops and cash prizes are awarded to talented THP students who perform well in academic and extra-curricular activities, specifically in the Math Olympiad and Book Review competitions. Top three groups in the Book Review Competition are also awarded laptops.","Laptops, THP, Math Olympiad, Book Review, Prizes, Performance",Talent Hunt Program
492,Is there a transport facility for THP students?,"Yes, free transport with a pick-and-drop facility is provided to admitted THP students. This is one of the key benefits of the program designed to support students from underprivileged backgrounds across Pakistan.","Transport, Free, Pick and Drop, THP, Students, Facility",Talent Hunt Program
493,Can students from any city apply for THP?,"Yes, the National Talent Hunt Program is open to students from all districts of Pakistan. Sukkur IBA conducted outreach seminars in districts where no university had previously reached, communicating directly with over 93,000 students and parents nationwide. Students from all four provinces are represented, with 75 students admitted from each province.","THP, Any City, All Districts, Pakistan, Outreach, National, Provinces",Talent Hunt Program
494,Is the THP only for students from Sindh?,"No, the National THP is open to students from all provinces and districts of Pakistan. The national program admitted 300 students with 75 from each province. Outreach was conducted in districts across the country where no other university had previously reached.","THP, Not Sindh Only, All Provinces, National, Districts, 75 Per Province",Talent Hunt Program
495,How did Sukkur IBA reach students from remote districts for THP?,"Sukkur IBA conducted more than 100 outreach seminars across Pakistan, reaching districts where no other university had previously had access. Through these seminars, they directly communicated with over 93,000 students and parents nationwide, resulting in over 6,000 applications for the National THP.","Outreach, Remote Districts, 100 Seminars, 93000 Students, National THP, Pakistan",Talent Hunt Program
496,How many provinces are represented in the National THP?,"All four provinces of Pakistan are represented in the National Talent Hunt Program. The program admits 75 students from each of the four provinces, for a total of 300 students per cohort.","Provinces, National THP, 4 Provinces, 75 Students, 300 Total, Representation",Talent Hunt Program
497,Were entrance exams held outside Sukkur for THP admission?,"Yes, for the National THP, the entrance examination was conducted at 14 centers throughout Pakistan to ensure accessibility for students from all districts and provinces, rather than requiring them to travel to Sukkur.","Entrance Exam, 14 Centers, Outside Sukkur, National THP, Pakistan, Accessibility",Talent Hunt Program
498,Can students from Balochistan and KPK apply for THP?,"Yes, students from all provinces including Balochistan and KPK can apply for the National Talent Hunt Program. The program allocates 75 seats per province and conducts entrance exams at centers across Pakistan to ensure provincial representation.","Balochistan, KPK, THP, National, Provinces, 75 Seats, Entrance Exam",Talent Hunt Program
499,How did THP grow from 2007 to 2016?,"THP grew substantially from 2007 to 2016. The number of applicants increased from 900 in 2007 to 6,500 in 2016. Students selected grew from 200 to 350, students qualifying for regular programs grew from 59 to 146, and fully funded scholarship recipients grew from 31 to 73. This reflects the program's growing reach and national impact.","THP Growth, 2007 to 2016, Statistics, Applicants, Selected, Qualified, Scholarship",Talent Hunt Program
500,Is THP available for students who missed regular admission?,"Yes, THP offers an alternative pathway to higher education for students who may not qualify for direct admission. After completing the six-month Foundation Semester with a minimum 2.2 GPA, students become eligible for admission into regular degree programs at Sukkur IBA.","THP, Alternative Pathway, Regular Admission, Foundation Semester, 2.2 GPA, Degree",Talent Hunt Program
501,What specializations are offered in BBA?,"The BBA program at Sukkur IBA offers specializations in Finance, Marketing, Human Resource Management (HRM), and Entrepreneurship. Students choose from a wide range of elective courses in their chosen specialization from Semester VI onward. The BBA in Agribusiness is also offered as a separate joint program with the University of Agriculture Faisalabad (UAF).","BBA, Specializations, Finance, Marketing, HRM, Entrepreneurship, Agribusiness",Business Administration
502,Can I specialize in Marketing in BBA at Sukkur IBA?,"Yes, Marketing is one of the major specializations available in the BBA program. The Marketing elective track offers over 20 courses including Digital and Web Marketing, Brand Management, Consumer Behavior, Advertising Management, Sales Management, and International Marketing.","BBA, Marketing Specialization, Electives, Brand Management, Digital Marketing",Business Administration
503,Is Finance a specialization in BBA at Sukkur IBA?,"Yes, Finance is a core specialization in the BBA program. The Finance elective track offers over 26 courses including International Finance, Corporate Finance, Security Analysis, Portfolio Management, Islamic Banking and Finance, Risk Management, and Financial Derivatives.","BBA, Finance Specialization, Corporate Finance, Islamic Banking, Portfolio Management",Business Administration
504,What is the HRM specialization in BBA at Sukkur IBA?,"Human Resource Management (HRM) is one of the BBA specializations. The HRM elective track includes 19 courses such as Talent Acquisition, Training Techniques and Practices, Organizational Development, Strategic HRM, Performance Management, and Conflict Management.","BBA, HRM Specialization, Talent Acquisition, Strategic HRM, Performance Management",Business Administration
505,Does BBA offer an Entrepreneurship specialization?,"Yes, Entrepreneurship is one of the specializations available in the BBA program. The Entrepreneurship elective track offers 17 courses including Entrepreneurial Marketing, Entrepreneurial Finance, Corporate Entrepreneurship, Women's Entrepreneurship and Leadership, Family Business Management, and Social Enterprise Management.","BBA, Entrepreneurship Specialization, Women, Family Business, Social Enterprise",Business Administration
506,How many elective courses are available in the BBA Finance specialization?,"The BBA Finance specialization offers 26 elective courses covering areas such as International Finance, Security Analysis, Islamic Banking and Finance, Financial Derivatives, Behavioral Finance, Actuarial Finance, Venture Capital, and Applied Trading Strategies.","BBA, Finance, Electives, 26 Courses, Islamic Banking, Derivatives",Business Administration
507,When do BBA students start taking their specialization electives?,"BBA students begin taking their specialization elective courses from Semester VI onward. Elective-I is offered in Semester VI, Electives II and III in Semester VII, and Electives IV and V in Semester VIII.","BBA, Electives, Semester VI, Specialization, Semester VII, Semester VIII",Business Administration
508,How many total credit hours are required to complete the BBA program?,"The BBA program requires a total of 141 credit hours, comprising 126 credits for core courses and 15 credits for electives, spread over 4 years (8 semesters). The HEC requirement is 124-136 credit hours.","BBA, Credit Hours, 141, Core Courses, Electives, 4 Years",Business Administration
509,What is the difference between BS Computer Science and BS Software Engineering?,"Both programs share the same core courses in the first four semesters including programming, data structures, digital logic design, and database systems. BS Computer Science focuses on computing theory, AI, networks, and algorithms with a broader computing scope. BS Software Engineering specializes in software development, requirements engineering, software architecture, software verification, quality engineering, and software project management. SE has dedicated courses like Software Requirements Engineering and Software Quality Engineering, while CS includes Theory of Automata and a broader range of computing electives.","BS CS, BS SE, Difference, Software Engineering, Computer Science, Core Courses",Computer Science
510,Is BS Software Engineering different from BS Computer Science at Sukkur IBA?,"Yes, while both programs share common foundations in the first four semesters, they diverge from Semester V. BS Software Engineering adds specialized courses like Software Requirements Engineering, Software Verification and Validation, Software Architecture, and Software Quality Engineering. BS Computer Science has Theory of Automata and a broader CS elective range. SE focuses more on the software development lifecycle, tools, and quality assurance.","BS SE, BS CS, Different, Software Development, Quality Assurance, Architecture",Computer Science
511,Which program is better — BS CS or BS SE at Sukkur IBA?,"Both programs are strong and share common foundations. BS Computer Science is broader, covering computing theory, AI, networks, and a wide range of electives. BS Software Engineering is more focused on software development processes, tools, quality assurance, and project management. The better choice depends on whether you want a broader computing career (CS) or to specialize in software development and engineering (SE).","BS CS, BS SE, Better, Career, Software, Computing, Comparison",Computer Science
512,Do BS CS and BS SE students take the same courses in the first two years?,"Yes, BS CS and BS SE students take identical courses in the first four semesters, covering Introduction to ICT, Introduction to Programming, Object-Oriented Programming, Calculus, Data Structures, Digital Logic Design, Operating Systems, and Database Systems, among others.","BS CS, BS SE, Same Courses, First Two Years, First Four Semesters, Core",Computer Science
513,Does BS Software Engineering include a Final Year Project?,"Yes, BS Software Engineering includes a two-part Final Year Project. Project-I (FYP-401) is completed in Semester VII, and Project-II (FYP-451) is completed in Semester VIII. The same applies to BS Computer Science.","BS SE, Final Year Project, FYP, Semester VII, Semester VIII",Computer Science
514,What career paths does BS Computer Science lead to at Sukkur IBA?,"BS Computer Science prepares graduates for careers as applications developers, database programmers/designers, system developers/analysts, or network administrators/managers. The program equips graduates with computing, mathematics, and problem-solving skills applicable across industries.","BS CS, Career Paths, Applications Developer, Database, Network Administrator, System Analyst",Computer Science
515,How many electives can BS SE students choose from?,"BS Software Engineering students can choose from a comprehensive list of over 47 CS and SE elective courses including Agile Software Development, Data Science, Cloud Computing, Social Networks, Formal Methods, Design Patterns, Mobile Computing, and many more. General electives from other disciplines are also available.","BS SE, Electives, 47 Courses, Agile, Cloud Computing, Design Patterns",Computer Science
516,Does BS SE have Software Project Management as a dedicated course?,"Yes, Software Project Management (SWE-350) is a core course in the BS Software Engineering program, offered in Semester VI. It is a dedicated course not present as a core requirement in BS Computer Science, reflecting SE's emphasis on managing the software development lifecycle.","BS SE, Software Project Management, Semester VI, Core Course, Lifecycle",Computer Science
517,"Which engineering specializations are available (Power, Electronics, Telecom)?","The Department of Electrical Engineering at Sukkur IBA offers three specialization streams in the BE program: Power Engineering, Electronics Engineering, and Telecommunications Engineering. All three share common courses for the first four semesters and diverge in their specialization-specific courses from Semester V onward.","BE, Electrical Engineering, Power, Electronics, Telecommunications, Specializations",Electrical Engineering
518,What is the Power Engineering specialization in BE at Sukkur IBA?,"The Power Engineering specialization in BE Electrical Engineering covers courses like Power Generation and Transmission, Power Electronics, Power Distribution and Utilization, Power System Analysis, and Power System Protection. Electives include Smart Grid, Power System Stability and Control, and Renewable Energy Systems.","BE, Power Engineering, Power Generation, Smart Grid, Renewable Energy, Specialization",Electrical Engineering
519,What is taught in the Electronics Engineering specialization?,"The Electronics Engineering specialization covers courses like Electronic Circuit Design, Industrial Electronics, and Optoelectronics. Electives include Introduction to Robotics, Embedded Systems, Nano Technology, VLSI, Neural Networks and Fuzzy Logic, and Digital System Design.","BE, Electronics Engineering, Industrial Electronics, Robotics, VLSI, Nano Technology",Electrical Engineering
520,What is the Telecommunication Engineering specialization in BE?,"The Telecommunication Engineering specialization covers courses such as Optical Communication, Analog and Digital Communication, Wireless and Mobile Communication, Antenna and Wave Propagation, Satellite Communication, and Digital Signal Processing. Electives include Microwave and RF Engineering, Wireless Sensor Networks, and Information Theory and Coding.","BE, Telecommunication Engineering, Wireless, Satellite, Antenna, Optical Communication",Electrical Engineering
521,Do all BE Electrical Engineering specializations share common courses?,"Yes, all three BE Electrical Engineering specializations (Power, Electronics, and Telecommunications) share identical core courses in the first four semesters including Calculus, Applied Physics, Programming for Engineers, Linear Circuit Analysis, Electronic Devices and Circuits, Digital Logic Design, Network Circuit Analysis, and Signals and Systems.","BE, Electrical Engineering, Common Courses, First Four Semesters, Core, All Specializations",Electrical Engineering
522,Does Sukkur IBA offer Computer Systems Engineering?,"Yes, Sukkur IBA offers a four-year Bachelor of Engineering (BE) in Computer Systems Engineering through the Department of Computer Systems Engineering. The program covers computer hardware, software, networking, database management, AI, and distributed computing. It was established to address advancements in computer-based systems across various engineering fields.","Computer Systems Engineering, BE, Hardware, Software, Networking, AI",Computer Systems Engineering
523,What is Energy Systems Engineering at Sukkur IBA?,"Energy Systems Engineering is a four-year BE program established in 2014, focused on renewable energy. It covers Applied Thermodynamics, Principle of Energy Engineering, Wind Energy Engineering, Solar Energy Systems, Power Electronics, Hydrogen and Fuel Cells, and Energy Policy and Regulations. It prepares engineers to address Pakistan's energy crises through sustainable solutions.","Energy Systems Engineering, BE, Renewable Energy, Wind, Solar, Hydrogen, 2014",Energy Systems Engineering
524,Which BE specialization should I choose for a career in renewable energy?,"For a career in renewable energy, the BE in Energy Systems Engineering (Renewable) is the most appropriate choice. The program specifically focuses on renewable energy resources including Wind Energy, Solar Energy Systems, Hydrogen and Fuel Cells, Bio Energy, and Biofuels, along with Energy Policy and Energy Storage Techniques.","Renewable Energy, BE, Energy Systems Engineering, Wind, Solar, Career",Energy Systems Engineering
525,What is the duration of the B.Ed (Hons) program?,"The B.Ed (Hons) program at Sukkur IBA is a 4-year program spread over 8 semesters. Each semester is 16-18 weeks long, with a course load of 15-18 credit hours per semester and 4-6 courses per semester.","B.Ed Hons, Duration, 4 Years, 8 Semesters, Credit Hours, Education",Education
526,How long does it take to complete the B.Ed program at Sukkur IBA?,"The B.Ed (Hons) program takes 4 years (8 semesters) to complete. There is also a B.Ed Extension program of 2 years (4 semesters) for students who have already completed their ADE (Associate Degree in Education), and a B.Ed 2.5-year extension program (5 semesters).","B.Ed, Duration, 4 Years, 2 Years Extension, 2.5 Years, ADE",Education
527,Is the B.Ed program at Sukkur IBA recognized by HEC?,"Yes, the B.Ed program at Sukkur IBA is a professional teaching degree approved and endorsed by the Higher Education Commission (HEC). It is also accredited by NACTE (National Accreditation Council for Teacher Education) in the X Category.","B.Ed, HEC Recognized, NACTE, Accredited, X Category, Professional Degree",Education
528,What is the B.Ed Extension Program at Sukkur IBA?,The B.Ed Extension Program is an exclusive program for students who have completed their 2-year ADE (Associate Degree in Education). It allows them to continue their studies to earn a full B.Ed (Hons) degree. The extension program is available in 2-year (4 semesters) and 2.5-year (5 semesters) formats.,"B.Ed Extension, ADE, 2 Years, 2.5 Years, Hons Degree, Education",Education
529,What are the eligibility criteria for the B.Ed (Hons) 4-year program?,"To be eligible for B.Ed (Hons) 4 years, candidates must have FA/FSc/A-Level/HSC or equivalent with a minimum second division. Candidates with School subjects/C.T./PTC (12 years of education) with minimum second division are also eligible. Test results are required.","B.Ed Hons, Eligibility, FA, FSc, A-Level, 2nd Division, 12 Years Education",Education
530,Does the B.Ed degree help with teacher employment in government schools?,"Yes, the Education and Literacy Department has notified that B.Ed (Hons) degrees are the entry requirement for teaching as Junior Elementary School Teachers and Elementary School Teachers at Grade 14 and Grade 16 respectively. These degrees are also expected to be compulsory for promotion of existing teachers in the future.","B.Ed, Government Schools, Employment, Grade 14, Grade 16, Teacher Requirement",Education
531,Does the B.Ed program include teaching practice?,"Yes, Teaching Practice is included in multiple semesters of the B.Ed program. In the 4-year program, teaching practice is included from Semester VI, with a Long-Term Teaching Practice in Semester VIII. This helps student teachers develop practical classroom skills alongside theoretical knowledge.","B.Ed, Teaching Practice, Semester VI, Long-Term, Classroom, Practical",Education
532,Does Sukkur IBA offer a BS in Mathematics? What are the career prospects?,"Yes, Sukkur IBA offers a BS in Mathematics. The program is unique in Pakistan as it covers not only traditional abstract and applied mathematics but also Mathematical Analysis, Financial Mathematics, and Theoretical Physics. Career prospects include actuarial mathematics, financial/financial markets mathematics, mathematical physics, academia, research, and careers in industry and agriculture. The program prepares graduates for advanced study in mathematics or any mathematics-dependent science.","BS Mathematics, Career Prospects, Financial Mathematics, Actuarial, Physics, Research",Mathematics
533,What makes the BS Mathematics program at Sukkur IBA unique?,"The BS Mathematics program at Sukkur IBA is unique in Pakistan because it goes beyond traditionally taught abstract and applied mathematics. It offers tracks in Mathematical Analysis, Financial Mathematics, Theoretical Physics, and Probabilistic Analysis — areas that are largely ignored elsewhere in Pakistan. It also opens doors to modern areas like financial mathematics and theoretical physics.","BS Mathematics, Unique, Financial Mathematics, Theoretical Physics, Analysis, Pakistan",Mathematics
534,What specialization tracks are available in BS Mathematics?,"The BS Mathematics program offers multiple specialization tracks including Applied Mathematics (covering Fluid Mechanics, Quantum Mechanics, Electromagnetism, General Relativity, and more), Financial Mathematics (Financial Mathematics, Actuarial Mathematics, Portfolio Theory and Risk Management), Theoretical Mathematics, and Mathematical and Probabilistic Analysis.","BS Mathematics, Specialization Tracks, Applied, Financial, Theoretical, Actuarial",Mathematics
535,What career can I pursue after completing BS Mathematics?,"BS Mathematics graduates can pursue careers in actuarial mathematics, financial markets, mathematical physics, academia, teaching, banking, data analysis, and research. The program also prepares students to pursue advanced degrees in mathematics or mathematics-dependent sciences like physics and engineering.","BS Mathematics, Career, Actuarial, Financial Markets, Teaching, Research, Academia",Mathematics
536,What are the eligibility criteria for BS Mathematics at Sukkur IBA?,"Candidates must have Intermediate/F.Sc in the Pre-Engineering group with a minimum of 50% marks, with no supplementary and no condoned subjects. Applicants must also appear and qualify in the Sukkur IBA written test and interview. Students not from the Pre-Engineering group must attend intensive bridging courses in Mathematics, Physics, and Chemistry during semester breaks.","BS Mathematics, Eligibility, Pre-Engineering, 50%, Entry Test, Interview",Mathematics
537,Does BS Mathematics at Sukkur IBA include Financial Mathematics?,"Yes, BS Mathematics at Sukkur IBA includes a Financial Mathematics track with courses in Financial Mathematics, Actuarial Mathematics, and Portfolio Theory and Risk Management. This makes the program relevant for students interested in finance, banking, and actuarial sciences.","BS Mathematics, Financial Mathematics, Actuarial, Portfolio Theory, Finance, Banking",Mathematics
538,How long is the BS Mathematics program at Sukkur IBA?,"The BS Mathematics program is a 4-year degree program spread over 8 semesters, with a maximum of 18 credit hours per semester and a total of 136 credit hours required for graduation.","BS Mathematics, Duration, 4 Years, 8 Semesters, 136 Credit Hours",Mathematics
539,Does BS Mathematics include a Final Year Project?,"Yes, BS Mathematics includes a Final Year Project option in Semester VIII (MTS-422, Elective-B-IV / Final Year Project II). Students can choose between an elective course or a final year research project in their last semester.","BS Mathematics, Final Year Project, Semester VIII, Research, Elective",Mathematics
540,What is the unique BBA in Agribusiness? Where are the first two years taught?,"BBA in Agribusiness is a unique 4-year joint degree program offered by Sukkur IBA and the University of Agriculture Faisalabad (UAF). It is designed to produce graduates with both hard-core agricultural knowledge and business soft skills. The first two years (4 semesters) are taught at UAF, covering subjects like Soil Science, Crop Production, Livestock Management, and Agricultural Economics. The last two years (4 semesters) are taught at Sukkur IBA, covering business subjects like Financial Accounting, Principles of Marketing, and Corporate Strategy.","BBA Agribusiness, Joint Degree, UAF, Sukkur IBA, First Two Years, UAF, Agriculture",Business Administration
541,Is BBA Agribusiness a joint program at Sukkur IBA?,"Yes, BBA in Agribusiness is a joint degree program offered by Sukkur IBA and the University of Agriculture Faisalabad (UAF). The degree is awarded by the admission-granting institution through a credit-earning/credit-transfer facility between the two universities.","BBA Agribusiness, Joint Degree, UAF, Sukkur IBA, Credit Transfer, Degree Award",Business Administration
542,Who approached Sukkur IBA to start the BBA Agribusiness program?,The Pakistan Agricultural Coalition (PAC) approached both the University of Agriculture Faisalabad (UAF) and Sukkur IBA to start a four-year BBA (Agribusiness) degree program to produce graduates with both agricultural expertise and business skills to serve the industry.,"BBA Agribusiness, PAC, Pakistan Agricultural Coalition, UAF, Background, Industry",Business Administration
543,How many seats are available for BBA Agribusiness?,A total of 50 seats are available for BBA Agribusiness — 25 seats from Punjab (through UAF) and 25 from Sindh (through Sukkur IBA). Equal opportunity is provided to female candidates. The number of seats can be increased if required by the competent authority.,"BBA Agribusiness, Seats, 50 Total, 25 Punjab, 25 Sindh, Female, UAF",Business Administration
544,What subjects are studied in the first two years of BBA Agribusiness at UAF?,"In the first two years at UAF, BBA Agribusiness students study: Functional English, Basics of Agriculture, Soil Science and Crop Production, Orchard Planning and Management, Variety Development and Seed Production, General Plant Protection, Natural Resource Management, Agricultural Economics, Water Management, Food Engineering, Livestock Business Management, Farm Mechanization, Poultry Business Management, Cotton Production, and Animal Health Business Management.","BBA Agribusiness, UAF, First Two Years, Agriculture, Crop, Livestock, Soil Science",Business Administration
545,What subjects are taught in the last two years of BBA Agribusiness at Sukkur IBA?,"In the last two years at Sukkur IBA, students study business-focused subjects including Principles of Micro/Macroeconomics, Financial Accounting, Business Mathematics and Statistics, Principles of Management, Managerial Accounting, Business Communication, HRM in Agriculture, Business Finance, Business Research Methods, E-Commerce, Agribusiness Entrepreneurship, Corporate Strategy, Organizational Behavior, and Agricultural Supply Chain Management.","BBA Agribusiness, Sukkur IBA, Last Two Years, Business, Marketing, Supply Chain",Business Administration
546,What is the eligibility criteria for BBA Agribusiness at Sukkur IBA?,"Candidates must have completed 12 years of schooling and passed Intermediate or an equivalent examination with at least 50% marks. Alternatively, candidates with Intermediate (Pre-Agriculture) may need a CGPA of 2.5/4.00. Students from any educational background including humanities, science, arts, agribusiness, and commerce can apply.","BBA Agribusiness, Eligibility, 12 Years, 50%, CGPA 2.5, Any Background",Business Administration
547,Is accommodation provided for BBA Agribusiness students?,"Yes, hostel accommodation is provided for BBA Agribusiness students at both UAF and Sukkur IBA, but students must apply for it separately at the respective institution.","BBA Agribusiness, Hostel, Accommodation, UAF, Sukkur IBA, Apply",Business Administration
548,What is the structure of the MBA program (2 years)?,"The MBA (2 Years) program is a Case Study program consisting of 4 semesters and 60 credit hours, including 36 credits of core courses, 9 credits of electives, 3 credits of internship, and 12 credits of MBA Project. Semester I covers Financial Reporting, Quantitative Methods, Organizational Behavior, Managerial Economics, and Critical Thinking. Semester II covers Strategic Financial Management, Strategic Marketing Management, Supply Chain, and Business Law. Semester III covers Management Accounting, Corporate Strategy, and Research Methods. Semester IV is dedicated to the MBA Project.","MBA 2 Years, Structure, 4 Semesters, 60 Credit Hours, Case Study, Project",Business Administration
549,What are the eligibility requirements for MBA at Sukkur IBA?,"Candidates must have 16 years of education in any field from an HEC-recognized university/institution with a minimum of 60% marks or 2.2 CGPA. They must also clear Sukkur IBA's entry test, or have a minimum 50% score in NTS-GAT General, or have qualified GRE or GMAT.","MBA, Eligibility, 16 Years Education, 60%, 2.2 CGPA, NTS-GAT, GRE, GMAT",Business Administration
550,Does the MBA program include a project or thesis?,"Yes, the MBA (2 Years) program includes a mandatory MBA Project worth 12 credit hours, completed in Semester IV. The project is based on applied learning and is a requirement for the award of the degree. A comprehensive examination is also required for MBA graduation.","MBA, Project, 12 Credit Hours, Semester IV, Comprehensive Exam, Degree",Business Administration
551,Is internship compulsory for the MBA program?,"Yes, internship is compulsory for the MBA (2 Years) program. A summer internship of 3 credit hours is required and is conducted after Semester III during the summer break. The internship is project-based.","MBA, Internship, Compulsory, 3 Credit Hours, Summer, Project-Based",Business Administration
552,How many electives can MBA students choose?,"MBA (2 Years) students can choose 9 credit hours of electives (equivalent to 3 elective courses of 3 credits each), taken across Semesters II and III.","MBA, Electives, 9 Credit Hours, 3 Courses, Semesters II and III",Business Administration
553,What is the focus of the MBA program at Sukkur IBA?,"The MBA (2 Years) at Sukkur IBA is a Case Study program focused on developing managerial skills, ethical consciousness, decision-making, critical thinking, communication, and leadership. The mission emphasizes active and evidence-based learning to produce ethically conscious business leaders.","MBA, Case Study, Managerial Skills, Ethical, Critical Thinking, Leadership",Business Administration
554,Can 4-year business graduates get exemptions in the MBA program?,"Yes, the MBA (2 Years) program may offer up to 30 credit hours of exemption to graduates who have completed a 4-year business degree, reducing the overall course load required for the MBA.","MBA, 4-Year Business Graduates, Exemption, 30 Credit Hours, Course Load",Business Administration
555,Is a comprehensive examination required for the MBA degree?,"Yes, a comprehensive examination is compulsory for the award of the MBA degree at Sukkur IBA. This examination is in addition to all coursework, internship, and MBA project requirements.","MBA, Comprehensive Examination, Compulsory, Degree Award, Requirement",Business Administration
556,Are there elective courses available in each department?,"Yes, all departments at Sukkur IBA offer elective courses. BBA has electives in Finance, Marketing, HRM, and Entrepreneurship (from Semester VI). BS CS and BS SE offer over 36 and 47 electives respectively. BE Electrical Engineering specializations have dedicated elective tracks. BS Mathematics offers electives in Applied Mathematics, Financial Mathematics, and other areas. MBA has 9 credit hours of electives.","Electives, All Departments, BBA, BS CS, BS SE, BE, BS Mathematics, MBA",Academic Affairs
557,How many elective courses can I take in BS Computer Science?,"BS Computer Science students take a total of 5 CS electives and 3 general (UG) electives throughout the program (Semesters V through VIII). The CS elective list contains over 36 courses, and the general elective list contains 18 courses from diverse disciplines.","BS CS, Electives, 5 CS Electives, 3 General Electives, 36 Courses, 18 General",Computer Science
558,Does BS Software Engineering have elective courses?,"Yes, BS Software Engineering has 5 SE-specific electives and 4 general (UG) electives spread across Semesters V to VIII. The SE elective list includes over 47 courses covering topics like Agile Development, Cloud Computing, Formal Methods, Mobile Computing, and Social Networks.","BS SE, Electives, SE Electives, UG Electives, 47 Courses, Software",Computer Science
559,Are there elective courses in BE Electrical Engineering?,"Yes, all three BE Electrical Engineering specializations (Power, Electronics, Telecommunications) include 3 elective courses in Semesters VII and VIII. Each specialization has its own dedicated elective list — for example, Power Engineering includes Smart Grid and Renewable Energy Systems; Electronics includes Robotics and VLSI; Telecommunications includes Microwave and RF Engineering and Wireless Sensor Networks.","BE Electrical, Electives, Power, Electronics, Telecommunications, Semester VII, Semester VIII",Electrical Engineering
560,Does BS Mathematics have elective options?,"Yes, BS Mathematics offers electives in Semesters VII and VIII through two tracks: Electives A (covering specialized mathematics areas) and Elective B (including Final Year Project option). The program also has optional tracks in Applied Mathematics, Financial Mathematics, and Theoretical Physics.","BS Mathematics, Electives, Semester VII, Semester VIII, Applied, Financial, Physics",Mathematics
561,Are elective subjects guaranteed to be offered every semester?,"No, elective subjects are subject to the availability of faculty. This is explicitly mentioned in the elective course lists for BS Computer Science, BS Software Engineering, and other programs. Students should confirm available electives with their department each semester.","Electives, Faculty Availability, Not Guaranteed, Policy, Departments",Academic Affairs
562,Can BBA students choose electives from outside their major specialization?,"Yes, the BBA program offers elective courses across four specializations (Finance, Marketing, HRM, and Entrepreneurship). Students can potentially choose electives from any of these tracks subject to prerequisite requirements and faculty availability. For example, most Finance electives require Introduction to Business Finance (FIN-201) as a prerequisite.","BBA, Electives, Outside Major, Finance, Marketing, HRM, Entrepreneurship, Prerequisites",Business Administration
563,Does the BBA program have a fixed number of electives per semester?,"Yes, the BBA program has a structured elective distribution: 1 elective in Semester VI, 2 electives in Semester VII, and 2 electives in Semester VIII, totaling 5 electives (15 credit hours) across the final three semesters of the program.","BBA, Electives, Fixed Number, Semester VI, VII, VIII, 15 Credit Hours",Business Administration
564,Does the B.Ed program have elective courses?,"The B.Ed (Hons) 4-year program includes subject electives in content areas such as Biology, Mathematics, Chemistry, and Physics, where students choose one science/mathematics track to specialize in. Teaching Practice is also included as a practical elective component. However, the program does not list a separate formal elective course catalog.","B.Ed, Electives, Content Areas, Biology, Mathematics, Chemistry, Physics",Education
565,Are electives available in the MBA program at Sukkur IBA?,"Yes, the MBA (2 Years) program includes 9 credit hours of electives, equivalent to three elective courses of 3 credits each. Electives are spread across Semesters II and III and allow students to tailor their learning toward specific areas of business interest.","MBA, Electives, 9 Credit Hours, 3 Courses, Semester II, Semester III",Business Administration
566,Does BS Accounting and Finance have elective or practicum components?,"Yes, the BS Accounting and Finance program includes an 18-credit practicum in Semester VIII. The practicum consists of three months of mandatory training at a Chartered Accountants firm and three months at any other organization. There are no free elective courses listed; the practicum is the key applied learning component.","BS Accounting and Finance, Practicum, 18 Credits, Chartered Accountants, Semester VIII",Business Administration
567,Does BE Computer Systems Engineering have elective courses?,"Yes, BE Computer Systems Engineering includes 3 elective courses (Elective-I in Semester VII, Elective-II and III in Semester VIII). The elective list includes courses like Web Engineering, Digital Image Processing, Big Data Analytics, Computer Graphics, Human Computer Interaction, and System Modeling and Simulation.","BE Computer Systems, Electives, Web Engineering, Big Data, AI, Semester VII, VIII",Computer Systems Engineering
568,Does BE Energy Systems Engineering have elective courses?,"Yes, BE Energy Systems Engineering includes 2 elective courses in Semester VIII. The elective options include Artificial Intelligence, Smart Grid, Power System Stability and Control, Nano Technology, VLSI, and Petroleum and Gas Exploration.","BE Energy Systems, Electives, Smart Grid, AI, Nano Technology, VLSI, Semester VIII",Energy Systems Engineering
569,Can BS Physical Education students choose elective topics?,"Yes, the BS Physical Education and Sports Sciences program includes elective courses. Elective 1 covers Physical Education for Special Population, Elective 2 covers Specialization in one game, and Elective 3 covers Role of Media in Sports. These are offered in Semesters V and VII respectively.","BS Physical Education, Electives, Special Population, Sports Specialization, Media in Sports",Physical Education
570,Are general electives from other departments available for engineering students?,"Yes, Engineering students at Sukkur IBA take cross-disciplinary courses as part of their program. For example, BE students take Engineering Economics and Management, Engineering Entrepreneurship, and Organizational Behavior, which are offered by the Business Administration department, reflecting Sukkur IBA's interdepartmental collaboration.","Engineering, General Electives, Cross-Disciplinary, Business, Entrepreneurship, Collaboration",Faculty of Engineering
571,Does Sukkur IBA offer BS in Physical Education?,"Yes, Sukkur IBA's Department of Physical Education and Sports Sciences offers a BS (Hons) in Physical Education and Sports Sciences (4 years) as well as an Associate Degree (AD) in Physical Education and Sports Sciences (2 years). The department also offers a Bridge Program AD for those with 14 years of education.","BS Physical Education, Sports Sciences, 4 Years, Associate Degree, 2 Years, Bridge Program",Physical Education
572,What career opportunities are available for BS Physical Education graduates?,"BS Physical Education and Sports Sciences graduates can pursue careers as Physical Education Teachers at government/private schools, Directors of Physical Education at government colleges, Directors of Sports at universities, District Sports Officers, Lecturers in Physical Education, Sports Coaches, Sports Coordinators/Managers, and Physical Training Instructors.","BS Physical Education, Career, Teacher, Sports Coach, Director, District Officer",Physical Education
573,What sports facilities does the Physical Education department have?,"The Physical Education department has both indoor and outdoor facilities. Indoor facilities include Basketball Court, Badminton Court, Table Tennis Court, Multipurpose Gymnasium, and Gym and Fitness Center. Outdoor facilities include Cricket Ground, Football Ground, and Volleyball Court.","Physical Education, Facilities, Indoor, Outdoor, Cricket, Basketball, Gym",Physical Education
574,What is the eligibility for BS Physical Education at Sukkur IBA?,"Candidates must have 12 years of education with FA/FSc from any group including Pre-Engineering, Pre-Medical, Computer Sciences, Commerce, or other fields of Arts (or A-Level equivalent), with at least 50% marks. The program is open to students from all educational backgrounds.","BS Physical Education, Eligibility, 12 Years, FA, FSc, 50%, All Backgrounds",Physical Education
575,Does the BS Physical Education program include practical training?,"Yes, the BS Physical Education program includes extensive practical components throughout all eight semesters. These include Athletics, Games, Gymnastics practicals in early semesters, Teaching Practice in Semester VI, and a Long-Term Research Thesis/Research Project in Semester VIII.","BS Physical Education, Practical Training, Athletics, Teaching Practice, Research, Thesis",Physical Education
576,What is the Associate Degree in Physical Education at Sukkur IBA?,"The Associate Degree (AD) in Physical Education and Sports Sciences is a 2-year program offered by Sukkur IBA's Department of Physical Education and Sports Sciences. It covers Sports Biomechanics, Research Methods in Physical Education, Human Biology, Test and Measurement in Physical Education, Administration and Management in Sports, and practical skills in games, athletics, and gymnastics.","Associate Degree, Physical Education, 2 Years, Sports Sciences, Practical, Biomechanics",Physical Education
577,Does Sukkur IBA offer BS Media and Communication?,"Yes, Sukkur IBA offers a BS in Media and Communication. The eligibility criteria state that candidates must have Intermediate/F.Sc with a minimum of 50% marks, or A-Levels with at least an average C grade in three principal subjects, or an American High School Diploma with 60%, or an International Baccalaureate with at least 28 points.","BS Media and Communication, Eligibility, 50%, A-Level, IB, American Diploma",Business Administration
578,What is the Department of Education at Sukkur IBA?,"The Department of Education was established in 2012 with the purpose of improving teachers' education programs and training. It aims to build teachers' capacity, enhance professional status, and raise standards of education and education-related research at regional and national levels. It offers B.Ed (Hons) 4-year and B.Ed Extension 2-year and 2.5-year programs.","Department of Education, 2012, Teacher Training, B.Ed, Professional Status, Research",Education
579,Is the B.Ed (Hons) degree required for government teaching jobs?,"Yes, the Education and Literacy Department has notified that B.Ed (Hons) is the entry requirement for teaching as Junior Elementary School Teachers and Elementary School Teachers with Grade 14 and Grade 16 respectively. The degree is also expected to be compulsory for the promotion of existing teachers in the future.","B.Ed Hons, Government Jobs, Grade 14, Grade 16, Teacher Requirement, Promotion",Education
580,Does the B.Ed program include subjects like Biology and Mathematics?,"Yes, the B.Ed (Hons) program includes content courses in Biology, Mathematics, Chemistry, and Physics. Students choose one science/mathematics track and study it across multiple semesters at both content and pedagogy levels. English language courses are also included throughout all semesters.","B.Ed, Biology, Mathematics, Chemistry, Physics, Content Courses, Pedagogy",Education
581,Does the Faculty of Engineering at Sukkur IBA have labs?,"Yes, the Faculty of Engineering has state-of-the-art laboratory infrastructure. BE Electrical Engineering students work in ten different labs during their four-year program using state-of-the-art instruments, equipment, and simulation software. Computing facilities are also available across the engineering faculty.","Engineering, Labs, State-of-the-Art, Instruments, Simulation Software, Computing",Faculty of Engineering
582,What is the vision of the Faculty of Engineering at Sukkur IBA?,"The Faculty of Engineering aspires to emerge as a leading seat of learning in engineering. It was established with the vision to incorporate engineering techniques and skills within the unique spirit of Sukkur IBA, an institution committed to community service through quality education and design of indigenous solutions to regional problems.","Faculty of Engineering, Vision, Community Service, Indigenous Solutions, Quality Education",Faculty of Engineering
583,Does Sukkur IBA's engineering faculty collaborate with other departments?,"Yes, the Faculty of Engineering has strong connections with the Business Administration and Computing faculty. As a result, engineering students are equipped not only with core engineering knowledge but also with business and computing skills essential for entrepreneurial and commercial ventures.","Engineering, Collaboration, Business Administration, Computing, Entrepreneurship, Commercial",Faculty of Engineering
584,What is the total credit hours requirement for BE Electrical Engineering?,"The total credit hours for BE Electrical Engineering varies slightly by specialization. Power Engineering requires 137 credit hours (109 theory + 28 lab), Telecommunication Engineering requires 135 credit hours (109 + 26), and Electronics Engineering has a similar structure. All are 4-year, 8-semester programs.","BE Electrical Engineering, Credit Hours, 137, Power, Telecommunications, 4 Years",Electrical Engineering
585,Does BE Computer Systems Engineering include Artificial Intelligence?,"Yes, BE Computer Systems Engineering includes Artificial Intelligence (CSE-421) as a core course in Semester VIII. It also offers AI-related electives and includes courses like Mobile and Pervasive Computing, Network Security, and Distributed and Cloud Computing.","BE Computer Systems, Artificial Intelligence, Cloud Computing, Network Security, Semester VIII",Computer Systems Engineering
586,What is the total credit hours for BE Energy Systems Engineering?,"The BE in Energy Systems Engineering (Renewable) requires a grand total of 139 credit hours (111 theory + 28 lab), spread over 4 years and 8 semesters. This is slightly higher than some other engineering programs due to the renewable energy focus.","BE Energy Systems, Credit Hours, 139, 4 Years, Renewable Energy, 8 Semesters",Energy Systems Engineering
587,Does Sukkur IBA offer a PhD program?,"Yes, Sukkur IBA offers a Doctor of Philosophy (PhD) in Computer Science through the Department of Computer Science. The prospectus also mentions that every graduating student of MBA and PhD must pass a comprehensive examination on completion of coursework.","PhD, Computer Science, Doctoral, Comprehensive Examination, Graduate Program",Computer Science
588,What graduate programs does the Computer Science department offer?,"The Department of Computer Science at Sukkur IBA offers the following graduate programs: Master of Science in Computer Science (MS CS), Master of Science in Software Engineering (MS SE), and Doctor of Philosophy in Computer Science (PhD CS).","Graduate Programs, MS CS, MS SE, PhD CS, Computer Science, Software Engineering",Computer Science
589,Is BS Accounting and Finance a separate program from BBA at Sukkur IBA?,"Yes, BS Accounting and Finance is a separate 4-year program distinct from the BBA. It has its own scheme of studies with a stronger focus on accounting, auditing, taxation, IFRS, ISA, and a mandatory 6-month practicum in the final semester. The BBA is a broader business program while BS AF is more accounting and finance focused.","BS Accounting and Finance, BBA, Separate Program, Accounting, Auditing, Practicum",Business Administration
590,What is the practicum requirement in BS Accounting and Finance?,"The Semester VIII of BS Accounting and Finance consists entirely of a 6-month practicum worth 18 credit hours. Three months of mandatory training must be done at a Chartered Accountants firm, and the remaining three months can be at any other organization. This replaces traditional coursework in the final semester.","BS Accounting Finance, Practicum, 18 Credits, Chartered Accountants, 6 Months, Semester VIII",Business Administration
591,Does Sukkur IBA have a Department of Computer Science separate from engineering?,"Yes, Sukkur IBA has a dedicated Department of Computer Science that is separate from the Faculty of Engineering. It offers BS Computer Science, BS Software Engineering, MS CS, MS SE, and PhD CS. It is integrated with other departments including Business Administration, Education, Economics, Finance, and Engineering.","Department of Computer Science, Separate, BS CS, MS CS, PhD CS, Interdisciplinary",Computer Science
592,When was the Department of Energy Systems Engineering established?,The Department of Energy Systems Engineering was established in 2014 at Sukkur IBA. It was created to focus on renewable energy and address the energy crises facing Pakistan through quality education and research.,"Energy Systems Engineering, Established, 2014, Renewable Energy, Pakistan, Energy Crisis",Energy Systems Engineering
593,Does the BS Mathematics program require Pre-Engineering FSc?,"Yes, the BS Mathematics program requires candidates to have Intermediate/F.Sc in the Pre-Engineering group with a minimum of 50% marks. However, students not from the Pre-Engineering group can still be admitted but must attend intensive bridging courses in Mathematics, Physics, and Chemistry during semester breaks of the first and second years.","BS Mathematics, Pre-Engineering, FSc, Bridging Courses, Eligibility, 50%",Mathematics
594,What is the class size limit for BS Mathematics at Sukkur IBA?,The maximum class size for BS Mathematics is 50 students for lecture sessions and 25 students (maximum) for tutorial and laboratory sessions. This ensures a focused and personalized learning environment.,"BS Mathematics, Class Size, 50 Students, 25 Tutorial, Small Class, Learning Environment",Mathematics
595,Does Sukkur IBA teach courses in Fluid Mechanics and Quantum Mechanics in BS Mathematics?,"Yes, Fluid Mechanics, Advanced Fluid Mechanics, and Quantum Mechanics are included as elective courses in the Applied Mathematics track of the BS Mathematics program. Other advanced electives include Electromagnetism, General Relativity, Analytical Dynamics, and Integral Equations.","BS Mathematics, Fluid Mechanics, Quantum Mechanics, Applied Mathematics, Electives",Mathematics
596,What is the mission of the Department of Computer Science at Sukkur IBA?,"The mission of the Computer Science Department is to provide quality education in both theory and applications of computer science, information technology, and software engineering to serve the community. It aims to integrate with other departments, equip graduates with ethical awareness and technological skills, and promote entrepreneurial behavior and leadership expertise.","Computer Science, Mission, Quality Education, Ethical, Entrepreneurial, Leadership",Computer Science
597,Does Sukkur IBA's engineering programs have a Final Year Project?,"Yes, all BE engineering programs at Sukkur IBA include a two-part Final Year Project. FYP-I is completed in Semester VII and FYP-II is completed in Semester VIII. This applies to BE Electrical Engineering (all specializations), BE Computer Systems Engineering, and BE Energy Systems Engineering.","Engineering, Final Year Project, FYP-I, FYP-II, Semester VII, Semester VIII",Faculty of Engineering
598,Is Engineering Entrepreneurship taught in BE programs at Sukkur IBA?,"Yes, Engineering Entrepreneurship (MGT-411) is a core course in BE Electrical Engineering (Power and Telecommunications specializations) and BE Energy Systems Engineering, offered in Semester VII. This reflects Sukkur IBA's emphasis on entrepreneurship across all faculties.","Engineering Entrepreneurship, BE, MGT-411, Semester VII, Entrepreneurship, Core Course",Faculty of Engineering
599,What interdisciplinary courses do BS Computer Science students take?,"BS Computer Science students take interdisciplinary general electives from other departments including Principles of Management, E-Business Management, Entrepreneurship, Financial Accounting, Human Resource Management, Marketing, Economics, Organizational Behavior, Psychology, International Relations, and Foreign/Regional Languages.","BS CS, Interdisciplinary, General Electives, Management, Entrepreneurship, Finance",Computer Science
600,Does Sukkur IBA offer courses in Artificial Intelligence?,"Yes, Artificial Intelligence is offered across multiple departments at Sukkur IBA. BS Computer Science includes AI as a core course (Semester VI). BE Computer Systems Engineering includes AI as a core course (CSE-421, Semester VIII). AI also appears as an elective in BE Electrical Engineering (Power and Electronics specializations), BE Energy Systems Engineering, and BS Software Engineering.","Artificial Intelligence, BS CS, BE Computer Systems, BE Electrical, Electives, Core Course",Computer Science / Engineering
601,Does Sukkur IBA offer any programs in Media and Communication?,"Yes, Sukkur IBA offers a BS in Media and Communication under the Department of Business Administration. The eligibility requires Intermediate/F.Sc with a minimum of 50% marks, or A-Levels with an average C grade in three principal subjects, or an American High School Diploma with 60%, or an IB diploma with at least 28 points.","BS Media and Communication, Business Administration, Eligibility, 50%, A-Level, IB Department: Business Administration",Business Administration
602,What is the duration of the BS programs at Sukkur IBA?,"All BS undergraduate programs at Sukkur IBA (including BBA, BS CS, BS SE, BS Mathematics, BS Physical Education, BS Accounting and Finance, and BS Media and Communication) are 4-year programs spread over 8 semesters, in compliance with HEC requirements.","BS Programs, Duration, 4 Years, 8 Semesters, HEC, Undergraduate",Academic Affairs
603,What is the role of the University Advancement Office (UAO) at Sukkur IBA?,"The University Advancement Office (UAO) operates under the CDC and is responsible for establishing and maintaining linkages between industry and academia. It manages all internal and external relationships, works with government and non-government organizations for resource development, raises funds for endowments, and hunts projects for institutional support.","UAO, University Advancement, CDC, Industry, Academia, Endowments, Fundraising",Career Development Center
604,Does Sukkur IBA have a Marketing and Communication department?,"Yes, Sukkur IBA has a Marketing and Communication component under its CDC that handles concept development and implementation of marketing and public relations strategies. It produces marketing materials like posters, banners, souvenirs, and newsletters, and uses tools like social media, press releases, documentaries, annual reports, and advertisements.","Marketing, Communication, CDC, Posters, Social Media, Press Release, Annual Report",Career Development Center
605,What is the mission of the BBA program at Sukkur IBA?,"The mission of the BBA program is to enhance intellectual and professional competencies by imparting knowledge through a meritorious culture that encourages critical thinking, active learning, ethical consciousness, and global awareness.","BBA, Mission, Critical Thinking, Ethical Consciousness, Global Awareness, Active Learning",Business Administration
606,What is the mission of the Faculty of Business Administration?,"The Faculty of Business Administration at Sukkur IBA brings a global outlook and strives to serve the community by imparting research-oriented knowledge. It aims to develop and sustain a meritorious culture of continuous improvement that encourages leadership, entrepreneurial capacity, global sustainability, and ethical consciousness in graduates.","Business Administration, Faculty, Mission, Global, Leadership, Entrepreneurship, Ethical",Business Administration
607,Does the BBA program develop global awareness in students?,"Yes, developing global awareness is one of the seven program goals of the BBA at Sukkur IBA. Students are expected to understand international business issues (PLO 6.1). Courses like International Business (Semester VII) and International Relations (Semester II) further reinforce this goal.","BBA, Global Awareness, International Business, PLO, Program Goal, International Relations",Business Administration
608,What ethics-related courses are offered in BBA?,"The BBA program includes Business Ethics (ECO-401) in Semester VII as a core course. Ethical consciousness is also one of the seven program goals (Goal 1), requiring students to apply ethical reasoning in decision making. The BBA also includes Corporate Social Responsibility and Governance (MGT-304) in Semester VI.","BBA, Ethics, Business Ethics, CSR, Ethical Consciousness, Program Goal",Business Administration
609,Is Corporate Social Responsibility taught in BBA at Sukkur IBA?,"Yes, Corporate Social Responsibility and Governance (MGT-304) is a core course offered in Semester VI of the BBA program. It is a mandatory 3-credit-hour course for all BBA students.","BBA, Corporate Social Responsibility, CSR, Governance, Semester VI, Core Course",Business Administration
610,Does the BBA program include a Business Law course?,"Yes, Business Law (LAW-201) is a core course in the BBA program, offered in Semester IV. Additionally, Laws of Taxation (LAW-301) is a core course in Semester V, covering the legal aspects of taxation in business.","BBA, Business Law, LAW-201, Taxation, Semester IV, Semester V, Core Course",Business Administration
611,What quantitative courses are included in the BBA program?,"The BBA program includes several quantitative courses: College Algebra (Semester I), Business Statistics (Semester II), Mathematical Thinking (Semester III), Business Mathematics (Semester III), Business Calculus (Semester IV), and Statistical Inferences (Semester V). These ensure students have a strong quantitative foundation for business decision-making.","BBA, Quantitative, College Algebra, Business Statistics, Business Mathematics, Calculus",Business Administration
612,Is Econometrics taught in the BBA program?,"Yes, Basic Econometrics (ECO-402) is a core course offered in Semester VII of the BBA program. It is a 2+1 credit-hour course that equips students with quantitative tools for analyzing economic and business data.","BBA, Econometrics, Semester VII, ECO-402, Quantitative Methods, Core Course",Business Administration
613,Does BBA include a course on Supply Chain Management?,"Yes, Supply Chain Management is listed as a core elective course in the BBA program under the Management specialization. It is also a core course in the MBA (2 Years) program (Supply Chain and Operations Management, Semester II).","BBA, Supply Chain Management, Management, MBA, Core Course, Elective",Business Administration
614,What is the internship requirement in the BBA program?,"A six-week internship is compulsory for all BBA students, to be completed after the 6th semester. This internship is a prerequisite for the award of the BBA degree and is facilitated by the CDC, which places more than 200 students annually in organizations across Pakistan.","BBA, Internship, 6 Weeks, Compulsory, After Semester VI, CDC, Degree Requirement",Business Administration
615,What is the internship requirement for BBA Agribusiness?,"Similar to the regular BBA, the BBA Agribusiness program also requires a six-week compulsory internship after the 6th semester as part of the degree requirements.","BBA Agribusiness, Internship, 6 Weeks, Compulsory, Semester VI, Degree Requirement",Business Administration
616,Does the BBA program include a course on Agribusiness?,"Yes, Agribusiness (AGB-301) is included as a core course in Semester V of the BBA program, offering all BBA students exposure to agribusiness concepts regardless of their specialization.","BBA, Agribusiness, AGB-301, Semester V, Core Course, Exposure",Business Administration
617,What is the credit hour requirement for BS Accounting and Finance?,"The BS Accounting and Finance program requires a total of 126 credit hours, comprising 108 course credits and 18 practicum credits. The HEC requirement is 124-136 credit hours. The program spans 4 years over 8 semesters.","BS Accounting Finance, Credit Hours, 126, Practicum, 18 Credits, HEC",Business Administration
618,Does BS Accounting and Finance cover auditing?,"Yes, auditing is covered in two courses: Fundamentals of Auditing (BSAF-207) in Semester IV and Auditing and Assurance and Related Services (BSAF-310) in Semester VI. The program also covers International Standards on Auditing (ISA) as one of its key program learning objectives.","BS Accounting Finance, Auditing, BSAF-207, BSAF-310, ISA, International Standards",Business Administration
619,Does BS Accounting and Finance cover IFRS?,"Yes, understanding International Financial Reporting Standards (IFRS) is one of the seven key program learning objectives (PLO 7.2) of the BS Accounting and Finance program. Corporate Financial Reporting (BSAF-301) and Analysis of Financial Statements are among the courses that address IFRS.","BS Accounting Finance, IFRS, PLO 7.2, Corporate Financial Reporting, International Standards",Business Administration
620,What is the SAP training available in BBA and BS programs at Sukkur IBA?,"The Summer Program at Sukkur IBA offers SAP-related courses including SAP-Sales and Distribution (Marketing), SAP-Human Resource Capital Management (HRM), SAP-Material Management (Management), and SAP-Financial Information and Confirmation (Finance). These provide students with practical ERP system skills valued by industry employers.","SAP, BBA, BS, Summer Program, ERP, Sales Distribution, HRM, Finance",Business Administration / Summer Program
621,Does the BS Computer Science program include a Web Engineering course?,"Yes, Web Engineering (CSC-352) is a core course in BS Computer Science offered in Semester VI worth 4 credit hours (3+1). It is also available as a CS elective for BS Software Engineering students. Additionally, Web Engineering appears in the general elective list for Computer Science.","BS CS, Web Engineering, CSC-352, Semester VI, Core Course, Elective",Computer Science
622,What mathematics courses are included in BS Computer Science?,"BS Computer Science includes several mathematics courses: Pre-Calculus (Semester I), Calculus and Analytic Geometry (Semester II), Multivariate Calculus (Semester III), Linear Algebra (Semester IV), Differential Equations (Semester V), and Probability and Statistics (Semester VI).","BS CS, Mathematics, Pre-Calculus, Calculus, Linear Algebra, Differential Equations",Computer Science
623,Does BS Computer Science include a course on Artificial Intelligence?,"Yes, Artificial Intelligence (CSC-350) is a core course in BS Computer Science, offered in Semester VI. AI-related topics also appear in the elective list including Machine Learning, Neural Networks, Fuzzy Logic, Soft Computing, and Computer Vision.","BS CS, Artificial Intelligence, CSC-350, Semester VI, Machine Learning, Neural Networks",Computer Science
624,Is there a course on Database Systems in BS Computer Science?,"Yes, Database Systems (CSC-251) is a core course in BS Computer Science offered in Semester IV worth 4 credit hours (3+1). It covers database design, management, and implementation using state-of-the-art tools and techniques.","BS CS, Database Systems, CSC-251, Semester IV, Core Course, 4 Credit Hours",Computer Science
625,Does BS Software Engineering include Software Architecture?,"Yes, Software Architecture (SWE-401) is a core course in BS Software Engineering offered in Semester VII. It focuses on the design and architectural principles of complex software systems and requires Software Engineering (SWE-250) as a prerequisite.","BS SE, Software Architecture, SWE-401, Semester VII, Core Course, Design Principles",Computer Science
626,What is Software Verification and Validation in BS SE?,"Software Verification and Validation (SWE-351) is a core course unique to the BS Software Engineering program, offered in Semester VI. It focuses on testing and ensuring that software systems meet their requirements and function correctly. It is not a core requirement in BS Computer Science.","BS SE, Software Verification, Validation, SWE-351, Semester VI, Testing",Computer Science
627,What is the difference between BS CS and BS SE in terms of career focus?,"BS Computer Science prepares graduates for roles as applications developers, database designers, system analysts, and network administrators, with a broader computing scope. BS Software Engineering focuses specifically on software development roles — software engineers, applications developers, and system developers/analysts — with emphasis on software tools, quality assurance, and project management.","BS CS vs BS SE, Career Focus, Developer, Network Admin, System Analyst, Quality Assurance",Computer Science
628,Does BE Electrical Engineering include a course on Microprocessors?,"Yes, Microprocessor and Interfacing Techniques (CSE-313) is a core course in all three BE Electrical Engineering specializations (Power, Electronics, and Telecommunications), offered in Semester V with 4 credit hours (3+1).","BE Electrical, Microprocessor, CSE-313, Semester V, Core Course, All Specializations",Electrical Engineering
629,Is Digital Signal Processing taught in BE Electrical Engineering?,"Yes, Digital Signal Processing (TEL-321/TEL-322) is a core course in all three BE Electrical Engineering specializations, offered in Semester VI. It is a 4-credit-hour course covering digital signal processing theory and applications.","BE Electrical, Digital Signal Processing, Semester VI, Core Course, All Specializations",Electrical Engineering
630,What is the difference between BE Power Engineering and BE Electronics Engineering?,"Both specializations share common courses for the first five semesters. In Semester VI, Power Engineering focuses on Power Generation and Transmission and Power Electronics, while Electronics Engineering covers Electronic Circuit Design. In later semesters, Power Engineering focuses on power system analysis and protection, while Electronics Engineering covers Industrial Electronics and Optoelectronics. Electives also differ — Power includes Smart Grid, while Electronics includes Robotics and VLSI.","BE, Power Engineering, Electronics Engineering, Difference, Semester VI, Electives",Electrical Engineering
631,Does BE Telecommunications include Satellite Communication?,"Yes, Satellite Communication (TEL-421) is a core course unique to the BE Electrical Engineering Telecommunications specialization, offered in Semester VIII with 3 credit hours.","BE Telecommunications, Satellite Communication, TEL-421, Semester VIII, Core Course",Electrical Engineering
632,Is Optical Communication taught in BE Telecommunication Engineering?,"Yes, Optical Communication is a core course in the BE Electrical Engineering Telecommunications specialization, offered in Semester VI. This course is unique to the Telecommunications track and is not a core course in the Power or Electronics specializations.","BE Telecommunications, Optical Communication, Semester VI, Core Course, Unique",Electrical Engineering
633,Does BE Electronics Engineering include a course on Robotics?,"Yes, Introduction to Robotics (ESE-415) is an elective course in the BE Electrical Engineering Electronics specialization. Other elective options in Electronics include Embedded Systems, VLSI, Nano Technology, Neural Networks and Fuzzy Logic, and Digital System Design.","BE Electronics, Robotics, ESE-415, Elective, VLSI, Nano Technology, Embedded Systems",Electrical Engineering
634,Does BE Computer Systems Engineering include Mobile Computing?,"Yes, Mobile and Pervasive Computing (CSE-324) is a core course in BE Computer Systems Engineering, offered in Semester VI with 4 credit hours (3+1). This reflects the program's focus on emerging computing technologies including mobile systems.","BE Computer Systems, Mobile Computing, CSE-324, Semester VI, Core Course",Computer Systems Engineering
635,What is the total credit hours for BE Computer Systems Engineering?,"BE Computer Systems Engineering requires a grand total of 136 credit hours (112 theory + 24 lab), spread over 4 years and 8 semesters.","BE Computer Systems, Credit Hours, 136, 4 Years, 8 Semesters, Theory, Lab",Computer Systems Engineering
636,Is there a course on Cloud Computing in BE Computer Systems Engineering?,"Yes, Distributed and Cloud Computing (CSE-422) is a core course in BE Computer Systems Engineering, offered in Semester VIII with 4 credit hours (3+1). Cloud Computing is also available as a general elective in BS Software Engineering.","BE Computer Systems, Cloud Computing, CSE-422, Semester VIII, Core Course, Distributed",Computer Systems Engineering
637,What renewable energy courses are offered in the Energy Systems Engineering program?,"BE Energy Systems Engineering includes dedicated renewable energy courses: Wind Energy Engineering, Solar Energy Systems, Hydrogen and Fuel Cells, Bio Energy and Biofuels, and Renewable Energy Systems (elective). The program also covers Energy Policy and Regulations, and Energy Storage Techniques in Semester VIII.","BE Energy Systems, Renewable Energy, Wind, Solar, Hydrogen, Bio Energy, Policy",Energy Systems Engineering
638,Does BE Energy Systems Engineering include Power Electronics?,"Yes, Power Electronics (ESE-321) is a core course in BE Energy Systems Engineering offered in Semester VI with 4 credit hours (3+1). This course is important for understanding how electrical power is converted and controlled in renewable energy systems.","BE Energy Systems, Power Electronics, ESE-321, Semester VI, Core Course, Renewable",Energy Systems Engineering
639,Is there a course on Heat and Mass Transfer in BE Energy Systems Engineering?,"Yes, Heat and Mass Transfer (ENR-221) is a core course in BE Energy Systems Engineering offered in Semester IV with 3 credit hours (2+1). It provides essential thermodynamic knowledge applicable to energy systems design.","BE Energy Systems, Heat and Mass Transfer, ENR-221, Semester IV, Thermodynamics",Energy Systems Engineering
640,What is the Applied Thermodynamics course in BE Energy Systems Engineering?,Applied Thermodynamics (ENR-211) is a core course in BE Energy Systems Engineering offered in Semester III with 4 credit hours (3+1). It provides the fundamental thermodynamic principles necessary for understanding and designing energy conversion systems.,"BE Energy Systems, Applied Thermodynamics, ENR-211, Semester III, Core Course",Energy Systems Engineering
641,Does BS Mathematics include Real Analysis?,"Yes, Real Analysis (MTS-315) is a core course in the BS Mathematics program offered in Semester V with 3 credit hours. Real Analysis is considered a fundamental course in the program's focus on mathematical rigor and theoretical foundations.","BS Mathematics, Real Analysis, MTS-315, Semester V, Core Course, Theoretical", Mathematics
642,Is Group Theory taught in BS Mathematics at Sukkur IBA?,"Yes, Group Theory (MTS-321) is a core course in BS Mathematics offered in Semester VI with 3 credit hours. It is part of the Abstract Algebra track that also includes Theory of Rings and Fields in Semester VII.","BS Mathematics, Group Theory, MTS-321, Semester VI, Abstract Algebra, Core Course", Mathematics
643,Does BS Mathematics include Complex Analysis?,"Yes, Complex Analysis (MTS-323) is a core course in the BS Mathematics program offered in Semester VI with 3 credit hours. The program also includes Complex Variables and Transforms (MTS-211) in Semester III as a foundational course.","BS Mathematics, Complex Analysis, MTS-323, Semester VI, Complex Variables, Core Course", Mathematics
644,What is the Stochastic Process course in BS Mathematics?,"Stochastic Process (MTS-414) is a core course in BS Mathematics offered in Semester VII with 3 credit hours. It is relevant to students interested in Financial Mathematics, Probability Theory, and applied mathematical modeling in fields like finance and engineering.","BS Mathematics, Stochastic Process, MTS-414, Semester VII, Financial Mathematics, Probability", Mathematics
645,Does BS Mathematics include Number Theory?,"Yes, Number Theory (MTS-422) is a core course in BS Mathematics offered in Semester VIII with 3 credit hours. It is part of the theoretical mathematics curriculum covering the properties and relationships of numbers.","BS Mathematics, Number Theory, MTS-422, Semester VIII, Theoretical Mathematics", Mathematics
646,Is Differential Geometry taught in BS Mathematics at Sukkur IBA?,"Yes, BS Mathematics includes two Differential Geometry courses: Differential Geometry-I (MTS-312) in Semester VI and Differential Geometry-II (MTS-324) also in Semester VI. Both are core courses carrying 3 credit hours each.","BS Mathematics, Differential Geometry, MTS-312, MTS-324, Semester VI, Core Course", Mathematics
647,Does BS Mathematics cover Partial Differential Equations?,"Yes, Partial Differential Equations (MTS-325) is a core course in BS Mathematics offered in Semester VI with 3 credit hours. The program also includes Ordinary Differential Equations (MTS-223) in Semester IV as a prerequisite foundation.","BS Mathematics, Partial Differential Equations, MTS-325, Semester VI, Ordinary DE", Mathematics
648,What is the vision of the Mathematics department at Sukkur IBA?,"The vision of the Department of Mathematics at Sukkur IBA is to become a world leader in theoretical and applied Mathematics, contributing to national and worldwide research impact, producing globally competitive graduates, and undertaking educational outreach to increase mathematical and computing literacy nationally and globally.","Mathematics Department, Vision, World Leader, Theoretical, Applied, Global", Mathematics
649,What values guide the Department of Mathematics at Sukkur IBA?,"The Department of Mathematics is guided by six core values: Merit, Quality, Excellence, Community, Innovation, and Impact. These values shape the department's decisions, strategies, and academic actions.","Mathematics Department, Values, Merit, Quality, Excellence, Community, Innovation, Impact", Mathematics
650,Does the B.Ed program cover Educational Psychology?,"Yes, Educational Psychology is a core course in the B.Ed (Hons) 4-year program. It appears as PSY-507 in Semester V and is also included in the B.Ed Extension and B.Ed 2.5-year programs. The course helps student teachers understand the psychological dimensions of learning and development.","B.Ed, Educational Psychology, PSY-507, Semester V, Learning, Development",Education
651,Does the B.Ed program include Curriculum Development?,"Yes, Curriculum Development (CDP-606) is a core course in the B.Ed (Hons) 4-year program, offered in Semester VI. It is also included in the B.Ed Extension programs. The course helps student teachers understand curriculum design, organization, and assessment.","B.Ed, Curriculum Development, CDP-606, Semester VI, Design, Assessment",Education
652,Does the B.Ed program include Educational Leadership?,"Yes, Educational Leadership and Management (ELM-801) is a core course in the final semester (Semester VIII) of the B.Ed (Hons) 4-year program. It is also included in the B.Ed Extension and 2.5-year programs, preparing graduates for leadership roles in educational institutions.","B.Ed, Educational Leadership, ELM-801, Semester VIII, Management, Career",Education
653,Does the B.Ed program cover School Improvement and Management?,"Yes, School Improvement and Management (SIM-803) is a core course in the final semester of the B.Ed (Hons) 4-year program and is also included in B.Ed Extension programs. It equips student teachers with the knowledge to manage and improve school systems effectively.","B.Ed, School Improvement, Management, SIM-803, Semester VIII, School Systems",Education
654,Does the B.Ed program include a course on Test Development and Evaluation?,"Yes, Test Development and Evaluation (TDE-703) is a core course in the B.Ed (Hons) 4-year program offered in Semester VII. It equips student teachers with skills to design, develop, and evaluate educational assessments effectively.","B.Ed, Test Development, Evaluation, TDE-703, Semester VII, Assessment",Education
655,Is there an ICT course in the B.Ed program?,"Yes, ICT in Education (ICT-302) is included in the B.Ed Extension and B.Ed 2.5-year programs. The foundational B.Ed (Hons) 4-year program also includes Computer Literacy-I (COM-107) in Semester I, ensuring student teachers develop digital competencies.","B.Ed, ICT, Computer Literacy, Education Technology, Digital, Semester I",Education
656,Does the B.Ed program at Sukkur IBA include an Educational Research component?,"Yes, the B.Ed (Hons) program includes Educational Research Project (Individual) as a core requirement in Semesters VII and VIII. Research-related courses include Appreciation and Interpretation of Research Methods in Education (AIE-702) and Contemporary Issues and Trends in Education (CIT-701).","B.Ed, Educational Research, Research Project, AIE-702, CIT-701, Semester VII, VIII",Education
657,Is Teaching Practice mandatory in the B.Ed program?,"Yes, Teaching Practice (TPR) is mandatory across multiple semesters of the B.Ed (Hons) program. It is included from Semester VI onward, with Long-Term Teaching Practice in Semester VIII. This practical component ensures student teachers gain real classroom experience alongside theoretical learning.","B.Ed, Teaching Practice, Mandatory, TPR, Semester VI, Long-Term, Classroom",Education
658,What is the Child Development course in the B.Ed program?,"Child Development (CHD-406) is a core course in the B.Ed Extension programs and the B.Ed 2.5-year program. It covers the physical, cognitive, emotional, and social development of children, which is essential knowledge for effective teaching at the elementary level.","B.Ed, Child Development, CHD-406, Elementary Teaching, Cognitive, Social Development",Education
659,Is the B.Ed program at Sukkur IBA accredited by NACTE?,"Yes, the B.Ed program at Sukkur IBA is accredited by NACTE (National Accreditation Council for Teacher Education) in the X Category. It is also approved and endorsed by HEC as a professional teaching degree.","B.Ed, NACTE, Accreditation, X Category, HEC, Professional Teaching Degree",Education
660,Does the B.Ed program prepare students for promotion in teaching?,"Yes, the B.Ed (Hons) degree is expected to be compulsory for the promotion of existing teachers in the future, as notified by the Education and Literacy Department. Teachers holding B.Ed (Hons) degrees also become eligible for Grade 14 and Grade 16 government positions.","B.Ed, Promotion, Existing Teachers, Grade 14, Grade 16, Education Department",Education
661,What is the Classroom Management course in the B.Ed program?,Classroom Management (MGT-206 / MGT-203) is a core course in both the B.Ed (Hons) 4-year and the B.Ed 2.5-year extension programs. It helps student teachers develop practical skills for managing diverse classroom environments effectively.,"B.Ed, Classroom Management, Core Course, Teaching Skills, Diverse, Environment",Education
662,Does Sukkur IBA's Physical Education program include Sports Psychology?,"Yes, Sports Psychology is a core course in the BS Physical Education and Sports Sciences (4 Years) program, offered in Semester VI. It helps students understand the psychological factors that influence athletic performance and coaching.","BS Physical Education, Sports Psychology, Semester VI, Core Course, Athletic Performance",Physical Education
663,Is Exercise Physiology taught in the BS Physical Education program?,"Yes, Exercise Physiology is a core course (Major 7) in the BS Physical Education and Sports Sciences program, offered in Semester VII with 2+1 credit hours. It covers the physiological basis for exercise and physical activity in application to fitness and athletic conditioning.","BS Physical Education, Exercise Physiology, Semester VII, Major 7, Athletic, Fitness",Physical Education
664,Does BS Physical Education include Sports Medicine?,"Yes, Sports Medicine is a major course (Major 8) in the BS Physical Education and Sports Sciences program, offered in Semester VIII with 3 credit hours. It covers sports-related medical knowledge essential for managing athlete health and injuries.","BS Physical Education, Sports Medicine, Major 8, Semester VIII, Athlete Health",Physical Education
665,Does BS Physical Education include Biomechanics?,"Yes, Sports Biomechanics is a core course in the BS Physical Education and Sports Sciences program, offered in Semester II. It covers the mechanical principles governing human movement in sports, essential for understanding athletic performance and injury prevention.","BS Physical Education, Sports Biomechanics, Semester II, Core Course, Movement",Physical Education
666,Is there a Research Thesis in BS Physical Education?,"Yes, BS Physical Education (4 Years) requires a Research Thesis/Research Project in Semester VIII worth 6 credit hours. This is the culminating academic requirement of the program, integrating research skills developed throughout the degree.","BS Physical Education, Research Thesis, Semester VIII, 6 Credit Hours, Capstone",Physical Education
667,What is the Associate Degree (AD) in Physical Education at Sukkur IBA?,"The Associate Degree (AD) in Physical Education and Sports Sciences is a 2-year program. It covers foundational courses including Sports Biomechanics, Research Method in Physical Education, Science of Track and Field, Human Biology, Physiology, Administration and Management in Sports, and practical skills in games, athletics, and gymnastics.","AD, Associate Degree, Physical Education, 2 Years, Biomechanics, Athletics, Gymnastics",Physical Education
668,Is there a Bridge Program in Physical Education at Sukkur IBA?,"Yes, Sukkur IBA offers an Associate Degree (AD) in Physical Education Bridge Program (2 years) for candidates who have 14 years of education (BA/BSc, B.Com or equivalent) with at least 50% marks. This allows graduates from other fields to earn a qualification in Physical Education.","AD Bridge Program, Physical Education, 2 Years, 14 Years Education, BA, BSc, 50%",Physical Education
669,Does Sukkur IBA offer MS programs?,"Yes, Sukkur IBA offers MS (Master of Science) programs in Computer Science (MS CS) and Software Engineering (MS SE) through the Department of Computer Science. A two-year MBA program is also offered through the Department of Business Administration.","MS Programs, MS CS, MS SE, MBA, Graduate, Master of Science, Sukkur IBA",Computer Science / Business Administration
670,Does Sukkur IBA have a PhD program in Computer Science?,"Yes, Sukkur IBA offers a Doctor of Philosophy (PhD) in Computer Science through its Department of Computer Science. Students pursuing a PhD must pass a comprehensive examination on completion of coursework, and the maximum period allowed to clear it is five years.","PhD, Computer Science, Doctoral, Comprehensive Examination, Five Years, Graduate",Computer Science
671,What is the comprehensive examination for MBA and PhD students?,"Every graduating MBA and PhD student at Sukkur IBA must pass a comprehensive examination on completion of their coursework. This 3-to-6 hour examination is held after every regular semester. The maximum period allowed to clear it is five years. Students who fail are eligible only for individual course certificates, and a final transcript/degree is awarded only after passing.","Comprehensive Examination, MBA, PhD, 3-6 Hours, Five Years, Degree Award, Certificate",Academic Affairs
672,What is the entry test requirement for MBA admission?,"For MBA admission, candidates must either clear Sukkur IBA's own entry test, have a minimum 50% score in NTS-GAT General, or have qualified GRE or GMAT. Academic eligibility requires 16 years of education with a minimum 60% marks or 2.2 CGPA from an HEC-recognized institution.","MBA, Entry Test, NTS-GAT, GRE, GMAT, Admission Requirement, 16 Years Education",Business Administration
673,What is the MBA program's focus on case studies?,"The MBA (2 Years) at Sukkur IBA is specifically described as a Case Study Program. This means the teaching methodology emphasizes learning through real-world business cases, involving students in active and evidence-based learning to develop managerial skills and ethical consciousness.","MBA, Case Study, Active Learning, Evidence-Based, Managerial Skills, Ethical",Business Administration
674,Does the MBA program develop decision-making skills?,"Yes, developing Decision-Making Skills is one of the five program goals of the MBA (2 Years). Students are expected to develop innovative solutions for business problems (PLO 3.1), apply quantitative methods in business decision-making (PLO 3.2), and integrate research in business decision-making (PLO 3.3).","MBA, Decision Making, Program Goal, PLO 3.1, Quantitative Methods, Research",Business Administration
675,Does the MBA program develop leadership skills?,"Yes, Leadership Skills is one of five program goals (Goal 5) of the MBA (2 Years). PLOs include working in diverse teams (5.1), applying a strategic approach in business decision-making (5.2), and understanding global perspectives in business decision-making (5.3).","MBA, Leadership Skills, Goal 5, PLO, Diverse Teams, Strategic, Global Perspective",Business Administration
676,What is taught in the first semester of the MBA program?,"In the first semester of MBA (2 Years), students study: Financial Reporting and Analysis (ACC-502), Quantitative Methods for Decision Making (MTS-501), Organizational Behavior and Leadership (MGT-505), Managerial Economics (ECO-504), and Critical Thinking and Managerial Communication (ENG-502).","MBA, Semester I, Financial Reporting, Quantitative Methods, Organizational Behavior, Managerial Economics",Business Administration
677,What is the Corporate Strategy course in the MBA program?,Corporate Strategy (MGT-611) is a core course in the MBA (2 Years) program offered in Semester III with 3 credit hours. It builds strategic management competencies and integrates knowledge from all business disciplines to address complex organizational challenges.,"MBA, Corporate Strategy, MGT-611, Semester III, Core Course, Strategic Management",Business Administration
678,Does the MBA include Applied Research Methods?,"Yes, Applied Research Methods (MKT-505) is a core course in Semester III of the MBA (2 Years) program with 2+1 credit hours. It equips students with research skills needed to integrate evidence-based decision-making into business management.","MBA, Applied Research Methods, MKT-505, Semester III, Evidence-Based, Research",Business Administration
679,What is the Strategic Marketing Management course in MBA?,"Strategic Marketing Management (MKT-504) is a core course in the MBA (2 Years) program offered in Semester II with 3 credit hours. It covers advanced marketing strategies, market analysis, and decision-making in complex business environments.","MBA, Strategic Marketing Management, MKT-504, Semester II, Core Course, Marketing",Business Administration
680,Does the MBA program include Supply Chain Management?,"Yes, Supply Chain and Operations Management (MGT-610) is a core course in the MBA (2 Years) program offered in Semester II with 3 credit hours. It covers supply chain strategy, operations management, and how to optimize business processes and logistics.","MBA, Supply Chain, Operations Management, MGT-610, Semester II, Core Course",Business Administration
681,What is the Legal and Regulatory Environment course in MBA?,Legal and Regulatory Environment of Business (LAW-501) is a core course in the MBA (2 Years) program offered in Semester II with 3 credit hours. It supports Goal 1 (Ethical Consciousness) by helping students understand the legal and regulatory dimensions of business decisions.,"MBA, Legal Environment, LAW-501, Semester II, Regulatory, Ethical Consciousness",Business Administration
682,Does the Department of Mathematics offer any courses in Actuarial Science?,"Yes, the Financial Mathematics elective track in BS Mathematics includes Actuarial Mathematics as one of three courses alongside Financial Mathematics and Portfolio Theory and Risk Management. This makes Sukkur IBA's BS Mathematics program relevant for students interested in actuarial careers.","BS Mathematics, Actuarial Science, Financial Mathematics, Portfolio Theory, Career",Mathematics
683,What is Portfolio Theory and Risk Management in BS Mathematics?,"Portfolio Theory and Risk Management is an elective course in the Financial Mathematics track of BS Mathematics at Sukkur IBA. It covers the mathematical principles of investment portfolio construction, risk quantification, and management, making it highly relevant for careers in finance and banking.","BS Mathematics, Portfolio Theory, Risk Management, Financial Mathematics, Investment, Banking",Mathematics
684,Does BS Mathematics include a History of Mathematics course?,"Yes, History of Mathematics (MTS-326) is a core course in BS Mathematics offered in Semester VI with 2 credit hours. It is unique among mathematics programs and provides students with cultural and historical conprospectus for mathematical developments.","BS Mathematics, History of Mathematics, MTS-326, Semester VI, Core Course, Conprospectus",Mathematics
685,Is Measure Theory taught in BS Mathematics at Sukkur IBA?,"Yes, Measure Theory (MTS-424) is a core course in BS Mathematics offered in Semester VIII with 3 credit hours. It is an advanced theoretical mathematics course covering the mathematical foundations of integration and probability.","BS Mathematics, Measure Theory, MTS-424, Semester VIII, Advanced, Integration",Mathematics
686,Does Sukkur IBA offer a BS in Artificial Intelligence?,"Yes, Sukkur IBA offers a BS Computer Science with a specialization in Artificial Intelligence (BS AI) through the Department of Electrical Engineering. The eligibility requires Intermediate/F.Sc with a minimum of 50% marks, or A-Levels with an average C grade, or an American High School Diploma with 60%, or an IB diploma with at least 28 points.","BS AI, Artificial Intelligence, Specialization, Computer Science, Electrical Engineering",Electrical Engineering
687,What subjects are covered in the BS AI program?,"The BS AI (Computer Science with Artificial Intelligence specialization) follows a similar structure to BS Computer Science but with an AI focus. Core AI-related courses in BS Computer Science include Artificial Intelligence (Semester VI) and electives like Machine Learning, Neural Networks, Fuzzy Logic, Soft Computing, and Computer Vision.","BS AI, Artificial Intelligence, Machine Learning, Neural Networks, Fuzzy Logic, Computer Vision",Electrical Engineering / Computer Science
688,Does Sukkur IBA offer a program in Agribusiness at the graduate level?,"The prospectus does not mention a graduate-level Agribusiness program at Sukkur IBA. The Agribusiness program is currently available at the undergraduate level as a joint BBA (Agribusiness) with the University of Agriculture Faisalabad. For updated graduate-level offerings, please contact Sukkur IBA directly.","Agribusiness, Graduate Level, MBA, BBA, Joint Program, UAF, Contact",Business Administration
689,How does BBA Agribusiness credit transfer work between UAF and Sukkur IBA?,"In BBA Agribusiness, each institution transfers the credits earned by students to the admission-granting institution at the end of each semester. Students earn credits at UAF (68 credits) during the first two years and at Sukkur IBA (64 credits) during the last two years. The degree is ultimately awarded by the admission-granting institution through this credit-earning/credit-transfer facility.","BBA Agribusiness, Credit Transfer, UAF, Sukkur IBA, 68 Credits, 64 Credits, Degree Award",Business Administration
690,What is the fee structure for BBA Agribusiness?,"The fee for BBA Agribusiness is Rs. 14,000 per semester (excluding hostel and prospectus fees). Students must deposit fees with the specified bank of their respective admission-granting university or institution (either UAF or Sukkur IBA).","BBA Agribusiness, Fee, Rs. 14,000, Semester, Hostel Fee, Bank Deposit",Business Administration / Finance
691,Is the BBA Agribusiness program open to female students?,"Yes, the BBA Agribusiness program explicitly states that equal opportunity will be provided to female candidates. Of the 50 available seats (25 from Punjab and 25 from Sindh), female candidates are given equal consideration in the merit-based admission process.","BBA Agribusiness, Female Students, Equal Opportunity, Seats, Merit, Admission",Business Administration
692,Does the BBA Agribusiness program teach E-Commerce?,"Yes, E-Commerce (BAB-409) is a core course in the BBA Agribusiness program, offered in Semester VII at Sukkur IBA with 3 credit hours. It equips students with knowledge of digital commerce, particularly in the conprospectus of the agribusiness industry.","BBA Agribusiness, E-Commerce, BAB-409, Semester VII, Digital Commerce, Core Course",Business Administration
693,Does the BBA Agribusiness program cover Supply Chain Management?,"Yes, Managing Agricultural Supply Chain (BAB-408) is a core course in the BBA Agribusiness program offered in Semester VIII at Sukkur IBA. It focuses on supply chain dynamics specifically within the agricultural sector.","BBA Agribusiness, Supply Chain, Agricultural, BAB-408, Semester VIII, Core Course",Business Administration
694,What is the difference between BBA and BBA Agribusiness at Sukkur IBA?,"The regular BBA is a standard business program with specializations in Finance, Marketing, HRM, and Entrepreneurship offered entirely at Sukkur IBA. BBA Agribusiness is a joint 4-year program with UAF combining agricultural sciences (first 2 years at UAF) and business education (last 2 years at Sukkur IBA). It is designed specifically for the agribusiness industry with 50 seats and a fee of Rs. 14,000 per semester.","BBA vs BBA Agribusiness, Difference, UAF, Joint Degree, Agriculture, Business",Business Administration
695,Does the BBA program include a course on Forecasting?,"Yes, Forecasting and Budgeting (FIN-402) is a core course in Semester VIII of the BBA program with 2+1 credit hours. It equips students with quantitative forecasting and budgetary planning skills essential for financial management roles.","BBA, Forecasting, Budgeting, FIN-402, Semester VIII, Core Course, Financial Management",Business Administration
696,Is Organizational Behavior taught in the BBA program?,"Yes, Organizational Behavior (MGT-202) is a core course in the BBA program offered in Semester IV with 3 credit hours. It requires Principles of Management (MGT-201) as a prerequisite and covers individual and group behavior within organizations.","BBA, Organizational Behavior, MGT-202, Semester IV, Core Course, Group Behavior",Business Administration
697,Does the BBA program include a course on International Business?,"Yes, International Business (ECO-401) is a core course in Semester VII of the BBA program with 3 credit hours. It aligns with BBA Program Goal 6 (Global Awareness) and helps students understand international business environments, trade, and cross-border operations.","BBA, International Business, ECO-401, Semester VII, Global Awareness, Trade",Business Administration
698,What programming language is taught in BS Computer Science at Sukkur IBA?,"BS Computer Science starts with Introduction to Programming (CSC-102) in Semester I, followed by Object-Oriented Programming (CSC-150) in Semester II. The BS SE program also teaches Assembly Language as an elective. Additional languages and tools are taught through elective courses like Visual Programming and Functional Programming.","BS CS, Programming Language, CSC-102, OOP, Assembly Language, Visual Programming",Computer Science
699,Does BS Software Engineering include a course on Human-Computer Interaction?,"Yes, Human Computer Interaction (CSC-401) is a core course in BS Software Engineering offered in Semester VII with 3 credit hours. The same course is also a core requirement in BS Computer Science, reflecting its importance in user-centered software design.","BS SE, Human Computer Interaction, CSC-401, Semester VII, Core Course, User-Centered Design",Computer Science
700,What is the Network Security course in BS Computer Science?,"Network Security (CSC-451) is a core course in BS Computer Science offered in Semester VIII with 3 credit hours, requiring Computer Communication and Networks (CSC-302) as a prerequisite. It covers the principles and practices of securing computer networks against various cyber threats.","BS CS, Network Security, CSC-451, Semester VIII, Core Course, Cybersecurity",Computer Science
701,What is the grading scale at Sukkur IBA?,"Sukkur IBA uses a letter-grade system where A is 4.00 GPA (93% and above), A- is 3.67 (87-92%), B+ is 3.33 (82-86%), B is 3.00 (77-81%), B- is 2.67 (72-76%), C+ is 2.33 (68-71%), C is 2.00 (64-67%), C- is 1.67 (60-63%), and F is 0.00 (below 60% for theory, below 30 for practicals).","Grading Scale, GPA, Letter Grade, A to F, Academic Performance",Academic Affairs
702,What grade do I need to pass a course at Sukkur IBA?,"To pass a course, you need to score at least 60% in theory (grade C-, GPA 1.67) and at least 30 marks in practical examinations. However, you also need a minimum of 50% in the final examination specifically, regardless of your overall percentage.","Pass Course, Minimum Grade, 60%, C-, Final Exam, 50% Rule",Academic Affairs
703,What does an F grade mean at Sukkur IBA?,"An F grade at Sukkur IBA means a GPA of 0.00 and is awarded when a student scores below 60% overall in theory (below 59%) or below 30 in practical examinations, fails to meet the 50% minimum in the final exam, or accumulates too many absences. An F grade negatively impacts your CGPA.","F Grade, Fail, 0.00 GPA, Below 60%, Absences, Final Exam",Academic Affairs
704,What is the difference between GPA and CGPA at Sukkur IBA?,GPA (Grade Point Average) is calculated at the end of each individual semester based on that semester's courses. CGPA (Cumulative Grade Point Average) is the running average of all GPA scores across all semesters completed. The formula is: CGPA = Sum of (credit hours × grade points) / Sum of all credit hours.,"GPA, CGPA, Difference, Semester, Cumulative, Formula",Academic Affairs
705,How is GPA calculated at Sukkur IBA?,GPA at Sukkur IBA is calculated using the formula: CGPA = Sum of (credit hours of all courses × grade points) / Sum of credit hours of all courses. Grade points range from 0.00 (F) to 4.00 (A). The CGPA is computed at the end of each semester including summer semesters.,"GPA Calculation, Formula, Credit Hours, Grade Points, Semester",Academic Affairs
706,Will my F grade be replaced if I repeat a course?,"Yes, if you repeat a course in which you received an F, the higher of the two grades will be treated as the final result. The improved grade will appear on your transcript and your CGPA will be recalculated based on the better grade. However, an additional course fee will be charged for the repeat.","F Grade, Repeat Course, Replace, Higher Grade, Transcript, CGPA",Academic Affairs
707,Is there a difference in grading for practical and theory exams?,"Yes, the grading scales are different. For theory examinations, grades range from A (93-100%) to F (below 60%). For practical examinations, the percentages are lower — A requires 46-50 marks, A- requires 44-45, and F is awarded for scores below 30. Both follow the same GPA scale from 0.00 to 4.00.","Practical Exam, Theory Exam, Grading, Different Scale, GPA, F Grade",Academic Affairs
708,What is the marks distribution for a course at Sukkur IBA?,"The marks distribution for a standard course at Sukkur IBA is: Assignment (5 marks), Quizzes (5 marks), Class Participation (5 marks), Term Report (5 marks), Mid Term Exam I (20 marks), Mid Term Exam II (20 marks), and Final Examination (40 marks), totaling 100 marks.","Marks Distribution, Assignment, Quiz, Mid Term, Final Exam, 100 Marks",Academic Affairs
709,How much do quizzes count toward my final grade?,Quizzes contribute 5 marks out of 100 toward your final grade. They are part of the mid-semester evaluation which collectively counts for 60% of your grade. Quizzes at Sukkur IBA are often surprise-based to assess consistent student engagement.,"Quizzes, 5 Marks, Final Grade, Mid-Semester, Surprise Quizzes, Evaluation",Academic Affairs
710,How much does class participation affect my grade?,Class participation carries 5 marks out of 100 in the standard marks distribution. It is part of the 60% mid-semester component. Active participation in class discussions is encouraged at Sukkur IBA as a key part of the learning process.,"Class Participation, 5 Marks, Grade, Mid-Semester, Discussion, Active Learning",Academic Affairs
711,What is the recounting policy for final exam papers at Sukkur IBA?,"Recounting of final papers is allowed at Sukkur IBA upon deposit of Rs. 5,000 per course. This amount is refundable if a significant improvement in grade or marks is found after rechecking. The time period for requesting recounting is one month after the announcement of results.","Recounting, Final Paper, Rs. 5000, Refundable, One Month, Results",Academic Affairs
712,Can I request a recheck of my final exam at Sukkur IBA?,"Yes, you can request a recount/recheck of your final exam paper by depositing Rs. 5,000 per course. If the recheck reveals a significant improvement in your grade or marks, the deposited fee will be refunded. Requests must be made within one month of results being announced.","Recheck, Final Exam, Rs. 5000, Refundable, One Month, Deadline",Academic Affairs
713,What is the cheating policy at Sukkur IBA?,Sukkur IBA has a zero-tolerance policy on academic dishonesty. Any student found cheating or using unfair means in an examination is immediately expelled from Sukkur IBA and declared ineligible for readmission in the future. This strict policy reflects the institution's commitment to academic integrity.,"Cheating Policy, Zero Tolerance, Expelled, Academic Dishonesty, Ineligible, Readmission",Academic Affairs
714,What happens if I am caught cheating in an exam at Sukkur IBA?,"If you are caught cheating or using unfair means during an examination at Sukkur IBA, you will be immediately expelled from the institute and declared permanently ineligible for readmission. The institution maintains a zero-tolerance policy on academic impropriety.","Cheating, Caught, Expelled, Zero Tolerance, Exam, Readmission, Policy",Academic Affairs
715,Can I withdraw from a course at Sukkur IBA?,"Yes, students are allowed to withdraw from at most one course per semester if doing so helps improve performance in remaining courses. Withdrawal must be sought before appearing in the final examinations. Withdrawal is not treated as a failure, but once a student has accumulated more than the permissible absences in a course, withdrawal is no longer allowed and an F grade is awarded.","Withdraw, Course, One Per Semester, Final Exam, F Grade, Absences",Academic Affairs
716,Is course withdrawal marked on my transcript?,"Yes, withdrawal from a course is recorded on the transcript as a W grade. However, it is not treated as a failure and does not negatively impact your CGPA. Students should note that in the first semester, withdrawal from English or Mathematics is not allowed.","Withdrawal, W Grade, Transcript, Not Failure, CGPA, First Semester",Academic Affairs
717,Can I withdraw from English or Mathematics in my first semester?,"No, students are not allowed to withdraw from English or Mathematics in the first semester of any degree program at Sukkur IBA. These are considered foundational courses and must be completed in the first semester.","Withdrawal, English, Mathematics, First Semester, Not Allowed, Foundational",Academic Affairs
718,What is the course load per semester at Sukkur IBA?,"The standard course load for degree program students at Sukkur IBA is 4 to 6 courses per regular semester. A student cannot take additional courses in any semester except in the final semester of their degree program, where up to 7 courses may be taken to complete the required credit load.","Course Load, 4 to 6 Courses, Semester, Final Semester, 7 Courses, Degree",Academic Affairs
719,Can I take extra courses to finish my degree faster?,"No, students cannot take additional courses beyond the standard load in any regular semester. The only exception is the final semester, where a student may take up to 7 courses to complete their remaining degree requirements. If a student needs to clear deficiencies, they must do so by withdrawing another course rather than adding extra ones.","Extra Courses, Degree Faster, Final Semester, 7 Courses, Deficiency, Withdrawal",Academic Affairs
720,Does Sukkur IBA have a free medical clinic on campus?,"Yes, Sukkur IBA has established a free medical care clinic with separate facilities for male and female students, faculty, and staff. Two general physicians — one for girls and one for boys — are appointed to provide first aid, medical care, and free medical advisory services. Patient data is maintained on a computerized system for quick diagnosis.","Medical Clinic, Free, Male, Female, General Physician, First Aid, Campus",Health Services
721,Is there a doctor on campus at Sukkur IBA?,"Yes, Sukkur IBA has two general physicians on campus — one dedicated to female students and one to male students. They provide first aid, medical treatment, and free medical advisory services. Patient records are maintained digitally for efficient follow-up and diagnosis.","Doctor, Campus, General Physician, Medical, Female, Male, Advisory",Health Services
722,Is the medical clinic at Sukkur IBA free of charge?,"Yes, the medical clinic at Sukkur IBA provides completely free medical care services, including first aid, medical treatment, and advisory services, to all students, faculty, and staff. Separate clinics are maintained for male and female community members.","Medical Clinic, Free, No Charge, First Aid, Advisory, Faculty, Staff",Health Services
723,Does Sukkur IBA keep student medical records?,"Yes, Sukkur IBA maintains computerized patient records and personal files containing each patient's medical history. This system enables quick diagnosis and personalized medical recommendations for all students, faculty, and staff members.","Medical Records, Computerized, Patient Files, History, Diagnosis, Privacy",Health Services
724,What environmental initiatives does Sukkur IBA have?,"Sukkur IBA has several environmental initiatives. The campus has more than 10,000 trees planted within its premises with an annual plantation drive to increase this figure. Sukkur IBA collaborates with WWF Pakistan to conduct awareness sessions on environmental preservation. WWF has also certified Sukkur IBA as the first Green Office/Campus across Pakistan.","Environmental, Green Campus, 10000 Trees, Plantation Drive, WWF, Certified",Administration / Student Affairs
725,Is Sukkur IBA a green campus?,"Yes, Sukkur IBA has been certified by WWF as the first Green Office/Campus across Pakistan. The campus has more than 10,000 trees and conducts annual plantation drives. Regular awareness sessions on environmental preservation are held in collaboration with WWF Pakistan.","Green Campus, WWF Certified, First in Pakistan, 10000 Trees, Plantation Drive",Administration
726,Does Sukkur IBA work with WWF Pakistan?,"Yes, Sukkur IBA collaborates with WWF Pakistan to conduct regular awareness sessions to educate students about preservation of the environment. These sessions aim to create awareness about core environmental issues and help students understand how to reduce resource wastage and increase sustainability. WWF has also certified Sukkur IBA as Pakistan's first Green Office/Campus.","WWF, Environmental Awareness, Collaboration, Sustainability, Green Campus, Pakistan",Administration / Student Affairs
727,What is the library timing at Sukkur IBA?,"According to the available information, the Sukkur IBA library operates from 9:00 AM to 8:00 PM on regular days. On Sundays, the library is open from 10:00 AM to 4:00 PM. More information about the library can be found at http://library.iba-suk.edu.pk.","Library Timing, 9 AM to 8 PM, Sunday, 10 AM to 4 PM, Hours, Schedule",Library
728,Is the Sukkur IBA library open on Sundays?,"Yes, the Sukkur IBA library is open on Sundays, but with reduced hours. It operates from 10:00 AM to 4:00 PM on Sundays, compared to the regular 9:00 AM to 8:00 PM schedule on weekdays.","Library, Sunday, Open, 10 AM to 4 PM, Reduced Hours, Weekend",Library
729,What is the website for Sukkur IBA's library?,"The Sukkur IBA library has a dedicated website at http://library.iba-suk.edu.pk where students can find information about how to use the library, access resources, and learn about available services.","Library Website, http://library.iba-suk.edu.pk, Online Resources, Access, Services",Library
730,Can I access the library website from outside campus?,"Yes, the library has an online presence at http://library.iba-suk.edu.pk. Students can visit this website to find information about library resources, services, and how to access materials. For specific digital access queries, contact the library directly.","Library Website, Online Access, Off-Campus, Digital Resources, Services",Library
731,What is the email system used by students at Sukkur IBA?,"Sukkur IBA provides each student with an institutional email account, which is set up during the registration and orientation period. All communications with tutors go through this system and are also forwarded to the tutor's personal Sukkur IBA email. Students are required to check their Sukkur IBA email at least twice a week.","Email System, Student Email, Registration, Orientation, Tutor Communication, Twice a Week",Academic Affairs / IT
732,How do students communicate with their teachers at Sukkur IBA?,"Students communicate with teachers through the institutional email system set up during registration. All emails sent to tutors go to their personal Sukkur IBA email accounts. Additionally, students have the opportunity to meet tutors during weekly office hour sessions that tutors communicate to students in advance.","Student-Teacher Communication, Email, Office Hours, Weekly, Tutor, Registration",Academic Affairs
733,Does Sukkur IBA have office hours for faculty?,"Yes, faculty members at Sukkur IBA hold weekly office hour meetings where students can discuss coursework, get feedback, and seek guidance. Tutors communicate their office hour schedule to students in advance. This is in addition to email-based communication through the institutional email system.","Office Hours, Faculty, Weekly, Students, Guidance, Communication, Schedule",Academic Affairs
734,What is the ICT lab policy at Sukkur IBA?,Students using ICT labs at Sukkur IBA are not allowed to consume food or drinks in the labs. Internet usage is restricted to academic purposes only — access to Facebook and other social websites is prohibited during lab sessions. Any technical issues with computers should be reported to the technician or teacher in the class.,"ICT Lab, Policy, No Food, No Social Media, Facebook Prohibited, Academic Use",Computer Science / IT
735,Is Facebook allowed in the computer labs at Sukkur IBA?,"No, Facebook and similar social websites are not allowed in the ICT labs at Sukkur IBA. The internet in labs is restricted to academic purposes only. Any non-academic use of the internet during lab sessions is not permitted.","Facebook, Computer Labs, Not Allowed, Social Media, ICT Lab, Academic Use Only",Computer Science / IT
736,Does Sukkur IBA have a CMS or LMS system?,"Yes, Sukkur IBA uses multiple automated systems including CMS (Course Management System), LMS (Learning Management System), and ERP (Enterprise Resource Planning). These systems are used for managing academic processes and for conducting online teacher/course evaluations. Sukkur IBA was among the first HEIs in Pakistan to pioneer online student feedback through these systems back in 2010.","CMS, LMS, ERP, Online Systems, QEC, Student Feedback, 2010",IT / Academic Affairs
737,What online systems does Sukkur IBA use for academic management?,"Sukkur IBA uses a CMS (Course Management System), LMS (Learning Management System), and ERP (Enterprise Resource Planning) system for academic and administrative management. These platforms are used for online course evaluation, student registration, grade management, and other institutional processes","CMS, LMS, ERP, Academic Management, Online Systems, Registration, Evaluation",IT / Academic Affairs
738,Does Sukkur IBA conduct online student feedback on teachers?,"Yes, Sukkur IBA conducts online teacher/course evaluation twice per semester through the CMS. The first evaluation occurs after the completion of the first fortnight to check whether course outlines and objectives have been communicated. The second, more in-depth evaluation takes place in the second-last week before final exams. Sukkur IBA pioneered this online feedback system in 2010.","Online Feedback, Teacher Evaluation, CMS, Twice Per Semester, QEC, Pioneered 2010",QEC / Academic Affairs
739,How does Sukkur IBA rank in Pakistan?,"Sukkur IBA is ranked among the top five business institutes in Pakistan. Its BBA and MBA programs have been awarded the highest NBEAC accreditation category ""W."" Its Computer Science programs have received the highest category ""W"" from NCEAC, and its Engineering programs are accredited by the Pakistan Engineering Council (PEC).","Ranking, Top 5, Business Institutes, NBEAC, NCEAC, PEC, Pakistan",Administration
740,What accreditations does Sukkur IBA hold?,"Sukkur IBA holds multiple prestigious accreditations: NBEAC (W category — highest) for BBA and MBA programs, NCEAC (W category — highest) for Computer Science programs, PEC accreditation for Engineering programs, AACSB membership, and NACTE accreditation for B.Ed programs. It also has academic linkages with international universities in Canada, UK, and Thailand.","Accreditations, NBEAC, NCEAC, PEC, AACSB, NACTE, W Category, International",Administration
741,Is Sukkur IBA a government or private university?,"Sukkur IBA is a government institution. It was established in 1994, awarded a charter as a degree-awarding institute in 2006, and in 2017 was transformed into a full-fledged government university — Sukkur IBA University.","Government, Private, Sukkur IBA, University, 1994, Charter 2006, 2017",Administration
742,When was Sukkur IBA established?,"Sukkur IBA was established in 1994, initially affiliated with IBA Karachi. It was awarded a charter as a degree-awarding institute in 2006. In 2017, it was transformed into a full-fledged government university known as Sukkur IBA University.","Established, 1994, IBA Karachi, Charter 2006, Government University 2017, History",Administration
743,Where is Sukkur IBA located?,"Sukkur IBA University is situated at the intersection of Baluchistan, Punjab, and Sindh — a strategically central location in Pakistan. Its official website is www.iba-suk.edu.pk and it can also be reached at www.iba-suk.edu.pk.","Location, Sukkur, Baluchistan, Punjab, Sindh, Pakistan, Website",Administration
744,What international university linkages does Sukkur IBA have?,"Sukkur IBA has academic linkages with several international universities including the Asian Institute of Technology (Bangkok), University of British Columbia (Canada), Simon Fraser University (Canada), and Kent University (UK). These linkages support research collaboration, curriculum development, and faculty development initiatives.","International Linkages, AIT Bangkok, UBC, Simon Fraser, Kent University, Research",Administration / Academic Affairs
745,Does Sukkur IBA offer credit courses through video conferencing?,"Yes, Sukkur IBA offers credit courses through video conferencing with professors from the USA, UK, and Ireland. This unique facility allows students to benefit from international faculty expertise without leaving the campus.","Video Conferencing, Credit Courses, USA, UK, Ireland, International Faculty, Campus",Academic Affairs / IT
746,Does Sukkur IBA have a Business Incubation Center?,"Yes, the Center for Entrepreneurial Leadership and Incubation (CEL&Inc.) at Sukkur IBA, in collaboration with the Higher Education Commission (HEC) of Pakistan, has established a Business Incubation Center (BIC). Currently, 10 startups worth a total of Rs. 10.122 million are functional at the center, employing 54 individuals.","Business Incubation Center, BIC, CEL&Inc., HEC, Startups, Rs. 10.122 million",CEL&Inc.
747,How many startups are currently operating at the Sukkur IBA incubation center?,"Currently, 10 new startups are functional at the CEL&Inc. incubation center at Sukkur IBA. These startups have a combined worth of Rs. 10.122 million, employ 54 individuals, and generate annual revenue above Rs. 12.237 million.","Startups, Incubation Center, 10 Startups, Rs. 10.122 Million, 54 Employees, Revenue",CEL&Inc.
748,Does Sukkur IBA support women entrepreneurship?,"Yes, Sukkur IBA actively supports women entrepreneurship through the CEL&Inc. The center undertakes entrepreneurship development projects specifically targeting women entrepreneurship. The BBA Entrepreneurship elective also includes a dedicated course on Women's Entrepreneurship and Leadership (ENT-425).","Women Entrepreneurship, CEL&Inc., ENT-425, Leadership, Development Projects, Support",CEL&Inc. / Business Administration
749,What is the office space available at CEL&Inc. for startups?,"The CEL&Inc. provides flexible office space of approximately 10,000 square feet for incubated startups. This space includes reception services, shared meeting rooms, high-speed internet access, product display areas, a seminar hall, and a business-conducive environment.","CEL&Inc., Office Space, 10000 sq ft, Meeting Room, Internet, Seminar Hall, Startups",CEL&Inc.
750,What shared services does CEL&Inc. provide to startups?,"CEL&Inc. offers shared services to incubated firms to help reduce their operating costs. These shared services include photocopier access, meeting room, receptionist, videoconferencing facilities, a storeroom, and access to computers.","CEL&Inc., Shared Services, Photocopier, Videoconferencing, Meeting Room, Operating Costs",CEL&Inc.
751,What is the drop-out policy for students at Sukkur IBA?,"For 4-year programs, students dropped in the 1st or 2nd year may rejoin from the 1st semester without an entry test. Those dropped in the 3rd or 4th year may be regularized under the term-back policy. Similar provisions exist for 3.5-year programs and MBA programs with slight variations based on the semester of dropout.","Dropout Policy, 4-Year Program, Rejoin, Entry Test, Term Back Policy, MBA",Academic Affairs
752,"If I drop out, can I rejoin Sukkur IBA without retaking the entry test?","Yes, in most cases students who are dropped in the early years of their program can rejoin from the first semester without appearing in the entry test. For 4-year programs this applies to students dropped in the 1st or 2nd year. Those dropped in later years must follow the term-back policy.","Rejoin, Entry Test, Dropout, First Semester, Early Years, Term Back Policy",Academic Affairs
753,What is the term-back policy at Sukkur IBA?,"The term-back policy at Sukkur IBA applies to students who are dropped in the later years of their degree program (3rd or 4th year for 4-year programs). Under this policy, such students may be regularized and allowed to continue their studies from the point of interruption rather than restarting from the first semester.","Term Back Policy, Dropped, Later Years, 3rd Year, 4th Year, Regularized",Academic Affairs
754,What is the pre-requisite system at Sukkur IBA?,"Sukkur IBA uses a pre-requisite system where certain courses can only be taken after completing specified earlier courses. For example, Organizational Behavior requires Principles of Management, and Financial Management requires Introduction to Business Finance. Pre-requisites are clearly listed in the scheme of studies for each program.","Pre-Requisite, Course Sequence, Program Structure, Scheme of Studies, Academic Policy",Academic Affairs
755,What happens if I fail a pre-requisite course at Sukkur IBA?,"If you fail a pre-requisite course, you will not be eligible to take the advanced course that depends on it. Such courses may be listed under the auto-withdrawal policy and can be replaced with a ""cancel"" subject. Students may not be allowed to withdraw if they have cancelled subjects on their record","Pre-Requisite, Fail, Auto Withdrawal, Cancel Subject, Advanced Course, Policy",Academic Affairs
756,Does Sukkur IBA offer any short courses or professional development programs?,"Yes, Sukkur IBA offers short courses and specialized education programs for professionals from the corporate world. Summer Programs covering over 100 courses across multiple fields are also available. The CDC provides customized trainings, workshops, and seminars for professionals and students.","Short Courses, Professional Development, Corporate, Summer Program, CDC, Workshops",Academic Affairs / CDC
757,Does Sukkur IBA have a Career Development Center that helps students after graduation?,"Yes, Sukkur IBA's Career Development Center (CDC), established in 2011, serves not just current students but also alumni. It provides job placement assistance, organizes job fairs, conducts alumni reunions, and involves alumni in career counseling for current students. An alumni representative also sits on the Senate.","CDC, Career Development, After Graduation, Alumni, Job Fair, Senate, 2011",Career Development Center
758,What is the Senate at Sukkur IBA?,"The Senate is the supreme governing body of Sukkur IBA. An alumni-elected representative sits on the Senate, giving graduates a voice in the institution's governance and decision-making processes. This reflects Sukkur IBA's commitment to engaging its alumni community in institutional leadership.","Senate, Supreme Body, Governance, Alumni Representative, Decision Making, Institution",Administration
759,Does Sukkur IBA have a Quality Enhancement Cell?,"Yes, the Quality Enhancement Cell (QEC) at Sukkur IBA was established in April 2010 upon the recommendation of HEC's Quality Assurance Agency. It monitors and enhances academic processes, conducts faculty evaluations, implements Assurance of Learning (AoL), assists with accreditations, and conducts student satisfaction and alumni/employer surveys.","QEC, Quality Enhancement Cell, April 2010, HEC, Academic Standards, Faculty Evaluation",QEC
760,What is Assurance of Learning (AoL) at Sukkur IBA?,"Assurance of Learning (AoL), also known as Learning Outcomes Assessment (LOA), is a systematic process used at Sukkur IBA to collect, review, and use information about educational programs to continuously improve student learning. The QEC assists accreditation committees in implementing AoL, which involves ""closing the loop"" — using assessment data to improve curriculum and teaching.","AoL, Assurance of Learning, LOA, QEC, Curriculum Improvement, Continuous, Assessment",QEC
761,What is the Self-Assessment Report (SAR) at Sukkur IBA?,"The Self-Assessment Report (SAR) is a formal academic quality review document prepared by program teams at Sukkur IBA under the guidance of the QEC. It evaluates programs across parameters including curriculum design, faculty, laboratory facilities, student support, institutional facilities, and outcomes. After submission, an assessment team of internal and external experts reviews the SAR and provides findings.","SAR, Self-Assessment Report, QEC, Program Review, Curriculum, Faculty, Assessment Team",QEC
762,How does Sukkur IBA recognize outstanding faculty members?,"Based on online teacher/course evaluation results managed by the QEC, Sukkur IBA issues letters of appreciation or advice to faculty members. Distinguished faculty members receive a certificate of recognition and a shield. Results are shared not only with faculty but also with their department heads and institute management.","Faculty Recognition, Certificate, Shield, QEC, Evaluation Results, Appreciation, Letter",QEC / Human Resources
763,What is the Internship evaluation process at Sukkur IBA?,"Summer internships at Sukkur IBA are closely monitored. Follow-up meetings are arranged between interns and faculty members during the internship period. Supervisor feedback is collected from the host organization. At the end, students submit an internship report and are interviewed to gather their feedback on the experience.","Internship Evaluation, Follow-Up, Supervisor Feedback, Internship Report, Interview, Faculty",CDC / Academic Affairs
764,What is the Foundation Semester attendance policy?,"In the Foundation Semester (THP), students are required to attend all sessions regularly. If a student accumulates more than 8 absences in any course, they are awarded an F grade in that course. The provision of absences is strictly for emergencies such as late arrivals or sickness, and students are asked to inform the administration before taking any leave.","Foundation Semester, Attendance Policy, 8 Absences, F Grade, Emergency, Leave",Talent Hunt Program
765,How many hours per week does a Foundation Semester student need to study?,Foundation Semester students are required to devote approximately 11 hours per week to each subject — about 10 hours in interactive classroom sessions and 1 hour working independently or in a group at the hostel. A course outline is provided each week to guide advance preparation.,"Foundation Semester, Study Hours, 11 Hours, Classroom, Independent Study, Course Outline",Talent Hunt Program
766,What is the Book Review Competition in the Foundation Semester?,"The Book Review Competition is a major assignment in the THP Foundation Semester. It has two rounds: an Intra-Class Competition where groups of four students read and review a novelette, and an Inter-Class Competition where winning groups compete against each other. Winners are assessed on written review and presentation by a jury, and the top three groups win laptops.","Book Review Competition, Foundation Semester, THP, Intra-Class, Inter-Class, Novelette, Laptops",Talent Hunt Program
767,What is the Mathematics Olympiad in the THP Foundation Semester?,"The Mathematics Olympiad is a multi-round competition in the THP Foundation Semester. It starts with an objective test from which top scorers form groups, then progresses through quarter-finals, semi-finals, and finals. Each round has three sub-rounds: a 5-second round (10 questions), a 60-second round (as many questions as possible), and a buzzer round. Top performers win laptops and cash prizes.","Mathematics Olympiad, THP, Foundation Semester, Quarter Finals, Buzzer Round, Laptops",Talent Hunt Program
768,What is the stipend amount given to THP students?,"Each student enrolled in the Talent Hunt Program (THP) Foundation Semester receives a monthly stipend of Rs. 3,000 for personal expenses. This is in addition to free tuition, accommodation, transport, and study materials.","THP, Stipend, Rs. 3000, Monthly, Personal Expenses, Foundation Semester",Talent Hunt Program
769,Does the THP provide transport for students?,"Yes, free transport with a pick-and-drop facility is provided to all admitted THP students. This service ensures that students from various locations can attend without worrying about transportation costs.","THP, Transport, Free, Pick and Drop, Students, Foundation Semester",Talent Hunt Program
770,What is the survival rate of THP students vs. direct intake students?,"According to Sukkur IBA's impact data, 84.68% of students admitted through the THP pathway survived (did not drop out), compared to only 47.26% of direct intake students. This demonstrates that the THP foundation preparation significantly improves student retention and academic success.","THP, Survival Rate, 84.68%, Direct Intake, 47.26%, Dropout, Academic Success",Talent Hunt Program
771,What financial support does Sukkur IBA's Endowment Fund provide?,"Sukkur IBA's Endowment Fund generates institutional merit and need-based scholarships for students. The fund is managed with support from Sukkur IBA friends in corporate and government organizations. Currently, almost 70% of Sukkur IBA students benefit from scholarships backed by the endowment and various donor agencies.","Endowment Fund, Scholarships, Merit, Need-Based, 70%, Corporate, Government",Financial Aid Office
772,How many students at Sukkur IBA receive financial assistance?,"Almost 70% of students at Sukkur IBA are currently availing scholarships and financial assistance programs. These are backed by donor agencies, government organizations, individual philanthropists, the business community, and industry and district associations.","Financial Assistance, 70%, Scholarships, Donors, Government, Philanthropists",Financial Aid Office
773,Who do I contact for internship-related queries at Sukkur IBA?,"For internship and student service-related queries, you can contact Mr. Mohsin Hassan Usmani, Assistant Manager at the CDC, on 071-5644260.","Internship, Contact, Mr. Mohsin Hassan Usmani, CDC, 071-5644260, Student Services",Career Development Center
774,Who do I contact for industry linkage queries at Sukkur IBA?,"For alumni affairs and industry linkage-related queries, you can contact Mr. Attaullah Jatoi, Manager Industry Linkages, at 071-5644258.","Industry Linkages, Contact, Mr. Attaullah Jatoi, CDC, 071-5644258, Alumni Affairs",Career Development Center
775,What is the contact number for the Financial Aid Office at Sukkur IBA?,"For scholarship and financial aid queries, you can contact Mr. Mansoor Hyder Kalhoro, Assistant Manager at the Financial Aid Office, at 071-5644257.","Financial Aid, Contact, Mr. Mansoor Hyder Kalhoro, FAO, 071-5644257, Scholarship",Financial Aid Office
776,What is the official website of Sukkur IBA?,"The official website of Sukkur IBA is www.iba-suk.edu.pk. The library has a separate portal at http://library.iba-suk.edu.pk. Students can find updated information on admissions, programs, fees, and all institutional activities through the official website.","Official Website, www.iba-suk.edu.pk, Library, Online, Information, Admissions",Administration
777,Does Sukkur IBA have any programs for working professionals?,"Yes, Sukkur IBA offers programs and short courses specifically for working professionals. The MBA (2 Years) and MBA (2.5 Years) programs are well-suited for professionals with 16 years of education. Specialized education programs are also conducted for professionals from the corporate world, and the Summer Program offers a wide variety of professional development courses.","Working Professionals, MBA, Short Courses, Corporate, Summer Program, Executive",Academic Affairs / Business Administration
778,Can entrepreneurs and businesspeople study at Sukkur IBA?,"Yes, Sukkur IBA's programs attract a diverse range of students including entrepreneurs, practicing professionals, government employees, executives, and technocrats. The diversity in backgrounds enriches classroom interactions and makes the learning experience more valuable for all students.","Entrepreneurs, Business People, Professionals, Diversity, Classroom, Programs",Academic Affairs / Business Administration
779,What is the teaching methodology used at Sukkur IBA?,"Sukkur IBA uses a case-based teaching methodology, which is one of its key academic achievements. The MBA program is specifically structured as a Case Study Program. The QEC implements Assurance of Learning mechanisms, and the institution uses latest teaching techniques designed to make learning interactive and engaging, including group discussions, role plays, and research-based activities.","Teaching Methodology, Case-Based, MBA, AoL, Interactive, Group Discussion, Research",Academic Affairs
780,Does Sukkur IBA have a Faculty Development program?,"Yes, Faculty Development is one of Sukkur IBA's key academic achievements. The QEC organizes training sessions and workshops for faculty and support staff on a regular basis. The institution also has special focus on faculty development as a core pillar of its academic quality enhancement strategy.","Faculty Development, QEC, Workshops, Training, Academic Achievement, Quality",QEC / Human Resources
781,Is there a Gold Medal or Dean's List at Sukkur IBA?,"Yes, Sukkur IBA has a Gold Medal and Dean's List for high-achieving students. However, students who repeat courses for grade improvement are not eligible for nomination to either the Gold Medal or the Dean's List. These honors are reserved for students who achieve their results through original attempts.","Gold Medal, Dean's List, High Achievers, Not Eligible, Repeat Course, Academic Honor",Academic Affairs
782,Can students on academic probation be nominated for Dean's List?,"Students on academic probation (CGPA between 2.0 and 2.2) would not typically meet the high academic standing required for Dean's List nomination. Additionally, students who have repeated courses for grade improvement are explicitly excluded from Gold Medal and Dean's List eligibility.","Probation, Dean's List, Gold Medal, Eligibility, Academic Standing, CGPA",Academic Affairs
783,Does Sukkur IBA admit professional degree holders like MBBS or B.E graduates?,"Yes, Sukkur IBA accepts applications from professional degree holders including B.E, M.B.B.S, C.P.A., and equivalent professional qualifications on a merit basis. This allows graduates from professional fields to pursue advanced degrees at Sukkur IBA.","Professional Degree, MBBS, BE, CPA, Merit Basis, Admission, Graduate",Admissions
784,Does Sukkur IBA provide provisional admission?,"Yes, Sukkur IBA grants provisional admission to students whose final year results have not yet been announced. Students must provide their first year marks sheet showing no shortcomings. If the final results don't meet minimum requirements, the provisional admission is cancelled and fees are refunded.","Provisional Admission, Final Year Results, Pending, Cancelled, Refund, First Year",Admissions
785,What happens to paid fees if provisional admission is cancelled?,"If a student's provisional admission is cancelled because their final results don't meet Sukkur IBA's minimum requirements, all paid fees will be fully refunded. This protects students from financial loss in the event of cancellation.","Provisional Admission, Cancelled, Fees Refunded, Financial Protection, Results",Admissions / Finance
786,Does Sukkur IBA accept applications from candidates who condoned subjects?,"No, Sukkur IBA does not accept applicants who have condoned subjects in their Intermediate/F.Sc examination. The eligibility criteria for all undergraduate programs clearly state that candidates must have passed in the annual examination with no supplementary and no subjects condoned by the Board.","Condonation, Condoned Subjects, Eligibility, Undergraduate, Not Accepted, Board",Admissions
787,Can students with supplementary exams apply to Sukkur IBA?,"No, students who have appeared in supplementary examinations are not eligible for admission to undergraduate programs at Sukkur IBA. The eligibility criteria for all programs require that candidates have passed their Intermediate/F.Sc in the annual examination with no supplementary attempts.","Supplementary, Not Eligible, Undergraduate, Annual Examination, Eligibility, Admission",Admissions
788,What is the holistic assessment process for admissions at Sukkur IBA?,"Sukkur IBA considers every applicant individually through a holistic assessment using all available information, including academic record, test performance, and interview/group discussion performance. The institution does not introduce targets or quotas for any particular group and makes all admission decisions purely on academic merit and potential.","Holistic Assessment, Admissions, Academic Record, Test, Interview, Merit, No Quotas",Admissions
789,Does Sukkur IBA have any quotas for admissions?,"No, Sukkur IBA explicitly does not introduce targets or quotas for people from specific backgrounds. All applicants are assessed individually based on academic merit and potential to succeed in their chosen program. The only exception is the BBA Agribusiness joint program which has provincial seat allocations (25 from Punjab and 25 from Sindh).","Quotas, No Quotas, Admissions Policy, Merit, Individual Assessment, Agribusiness",Admissions
790,What is the IB (International Baccalaureate) requirement for admission at Sukkur IBA?,Students with an International Baccalaureate (IB) diploma can apply for undergraduate programs at Sukkur IBA with a minimum of 28 points out of 45. This is accepted as an equivalent to Intermediate/F.Sc for most undergraduate programs.,"IB, International Baccalaureate, 28 Points, 45, Eligibility, Undergraduate, Equivalent",Admissions
791,How can I apply for admission to Sukkur IBA?,"Admission to Sukkur IBA is based on academic merit, entry test, and interview results. For detailed application procedures, requirements, and deadlines, it is recommended to visit the official website at www.iba-suk.edu.pk or contact the admissions office directly. Students from outside Pakistan should also provide equivalence certificates for their qualifications.","Apply, Admission, Entry Test, Interview, Website, www.iba-suk.edu.pk, Process",Admissions
792,Does Sukkur IBA have a Disclaimer regarding its policies?,"Yes, Sukkur IBA includes a standard disclaimer stating that the competent authority of Sukkur IBA reserves all rights to change, update, and amend any data, information, and policies presented in their publications at any time. Students are advised to regularly check the official website for the most current information.","Disclaimer, Policy Changes, Competent Authority, Updated, Official Website, Information",Administration
793,Does Sukkur IBA have an AACSB membership?,"Yes, Sukkur IBA is a member of AACSB (Association to Advance Collegiate Schools of Business), which is one of the most prestigious international business education accreditation bodies. This membership reflects the global quality standards maintained by Sukkur IBA's business programs.","AACSB, Membership, International, Business Education, Accreditation, Prestigious",Administration / Business Administration
794,Is Sukkur IBA's Engineering program accredited by PEC?,"Yes, Sukkur IBA's Engineering programs are accredited by the Pakistan Engineering Council (PEC). This ensures that the BE programs meet national engineering education standards and that graduates are recognized as qualified engineers in Pakistan.","PEC, Engineering Accreditation, Pakistan Engineering Council, BE, Recognized, National",Faculty of Engineering
795,What is the NCEAC accreditation for Sukkur IBA's Computer Science programs?,"Sukkur IBA's Computer Science programs have received accreditation from NCEAC (National Computing Education Accreditation Council), which awarded the highest category ""W"" to Sukkur IBA's Computer Science programs. This is the top accreditation ranking for computing programs in Pakistan.","NCEAC, Computer Science, W Category, Accreditation, Highest, Pakistan",Computer Science
796,What is the NBEAC accreditation for Sukkur IBA's business programs?,"NBEAC (National Business Education Accreditation Council) has accredited Sukkur IBA's business programs, awarding the W category — the topmost ranking — to BBA and MBA programs. This is the highest possible accreditation level for business programs in Pakistan.","NBEAC, W Category, BBA, MBA, Accreditation, Highest, Business Programs",Business Administration
797,What is the Sukkur IBA Super League?,"The Sukkur IBA Super League is a cricket tournament organized by the Sports and Adventure Society at Sukkur IBA. It is one of the major sports events held on campus, bringing together students, faculty, and staff in competitive cricket. Similar tournaments like LIGA SIBA are also organized for football.","Sukkur IBA Super League, Cricket, Sports, Sports and Adventure Society, Tournament",Student Affairs
798,What is LIGA SIBA at Sukkur IBA?,"LIGA SIBA is a football tournament organized at Sukkur IBA by the Sports and Adventure Society. It is one of the major campus sports events held among students, faculty, staff, and intra-departmental teams, promoting teamwork, physical fitness, and campus community spirit.","LIGA SIBA, Football, Tournament, Sports Society, Campus, Students, Faculty",Student Affairs
799,Does Sukkur IBA organize events to raise funds for students?,"Yes, the Family Fun Festival organized by Sukkur IBA had the theme ""Help Us Change Lives"" and was specifically designed to raise funds for needy and meritorious students. More than 1,000 families attended, stalls were sponsored by regional and multinational companies, and students from different disciplines also participated as vendors. All revenues generated were donated to this noble cause.","Fundraising, Family Fun Festival, Needy Students, 1000 Families, Community, Noble Cause",Student Affairs / Financial Aid Office
800,What is the Sukkur IBA approach to producing world-class graduates?,"Sukkur IBA's approach to producing world-class graduates includes: quality education at an affordable cost, association with reputed national and foreign institutions, a unique Foundation Semester to raise education standards, emphasis on practical skills and research capabilities, critical thinking development, international academic linkages, case-based teaching, and accreditation from national and international bodies.","World-Class Graduates, Quality Education, Foundation Semester, Research, Practical Skills, Accreditation",Administration / Academic Affairs
801,Who is the founder of Sukkur IBA?,"Professor Nisar Ahmed Siddiqui is the founder of Sukkur IBA. He established the institute in 1994 and served as its first Vice Chancellor. He holds an MBA from Boston School of Management, USA, and has been affiliated with Sukkur IBA for over 26 years.","Founder, Nisar Ahmed Siddiqui, History",Administration
802,Who is the Vice Chancellor of Sukkur IBA?,The Vice Chancellor of Sukkur IBA University is Prof. Asif Ahmed Shaikh.,"Vice Chancellor, Asif Ahmed Shaikh",Administration
803,What is the official website of Sukkur IBA University?,"The official website is www.iba-suk.edu.pk. The library has a separate portal at http://library.iba-suk.edu.pk. Departmental websites include: math.iba-suk.edu.pk (Mathematics), education.iba-suk.edu.pk (Education), and oric.iba-suk.edu.pk (ORIC).","Website, URL, www.iba-suk.edu.pk, Online",Administration
804,What is the library website of Sukkur IBA?,"The Sukkur IBA library website is http://library.iba-suk.edu.pk. It provides access to the online public access catalogue (OPAC), digital resources, e-books, and library services information.","Library Website, OPAC, Digital Library, http://library.iba-suk.edu.pk",Library
805,How large is the Sukkur IBA campus?,"The green campus of Sukkur IBA is located at Airport Road, Sukkur. The first prospectus stated an area of 40 acres, while the 2020-21 prospectus stated 25 acres. The campus has over 10,000 trees and is certified as Pakistan's first green campus by WWF.","Campus Area, 40 acres, 25 acres, Green Campus, WWF",Administration
806,Is Sukkur IBA certified as a green campus?,"Yes, Sukkur IBA has been certified by WWF Pakistan as the first Green Office/Campus in Pakistan. The campus has more than 10,000 trees and holds annual plantation drives.","Green Campus, WWF, Certification, Pakistan",Environment
807,Does Sukkur IBA have a Financial Trading Lab?,"Yes, established in January 2014, Sukkur IBA's Financial Trading Lab is regarded as the first financial lab in Pakistan. It has 32 machines with specialized software and 12 Bloomberg Professional Terminals for investment analysis.","Financial Trading Lab, Bloomberg, First in Pakistan, Finance",Business Administration
808,What ERP systems does Sukkur IBA use?,"Sukkur IBA uses Oracle PeopleSoft Campus Management Solution (CMS), PeopleSoft Human Capital Management (HCM), and PeopleSoft Financials & Supply Chain Management (FSCM) to automate academic, HR, finance, and procurement processes.","ERP, Oracle PeopleSoft, CMS, HCM, FSCM",IT
809,Does Sukkur IBA have an SMS alert system for students?,"Yes, Sukkur IBA has a 3S System (Sukkur IBA SMS Service System) that sends alerts for job postings, admissions, trainings, scholarships, tests, interviews, and also integrates with the library and girls hostel check-in/out systems.","SMS Alerts, 3S System, Notifications",IT
810,What is the Girls Hostel Check-In/Out System at Sukkur IBA?,"It is a system that tracks the mobility of female hostel residents. When a student checks out or checks in, SMS alerts are sent to her parents/guardians. The system has three user types: female hostellers (initiate request), hostel administration (approve/deny), and security at the main gate (mark actual check-in/out).","Girls Hostel, Check-In, Check-Out, Security, SMS",Student Affairs
811,What is the Sukkur IBA Online Testing Service (SOTS)?,SOTS is an in-house developed software for the HR department. Applicants apply for job positions through PeopleSoft HCM Talent Acquisition module and then take online tests through SOTS. It plays a key role in recruitment.,"SOTS, Online Test, Recruitment, HR",IT
812,What teaching methodology does Sukkur IBA use?,Sukkur IBA uses case-based teaching methodology as an integral part of its instruction. The MBA program is specifically structured as a Case Study Program to impart analytical and decision-making abilities among students.,"Case Study, Teaching Methodology, MBA, Analytical Skills",Academic Affairs
813,What is the comprehensive examination for MBA and PhD students?,Every graduating MBA and PhD student must pass a comprehensive examination on completion of coursework. It is a 3-to-6 hour exam held after each regular semester. Students have a maximum of five years to clear it. Those who fail receive only individual course certificates; the degree is awarded only after passing.,"Comprehensive Exam, MBA, PhD, Graduation Requirement",Academic Affairs
814,What is the answer book recounting policy at Sukkur IBA?,"Recounting of final exam papers is allowed upon deposit of Rs. 5,000 per course. The fee is refundable if a significant improvement in grade/marks is found after rechecking. Requests must be made within one month of result announcement.","Recounting, Recheck, Fee, Rs. 5000, Refundable",Academic Affairs
815,Can I get a makeup exam at Sukkur IBA?,"Makeup exams are allowed only for mid-term examinations, and only on medical grounds in extremely serious cases authenticated by a recognized hospital. No makeup is allowed for final exams. An additional fee is charged, and the disciplinary committee's decision is final.","Makeup Exam, Medical Grounds, Mid-Term, Fee",Academic Affairs
816,What is the withdrawal policy for courses?,"Students may withdraw from at most one course per semester if it helps improve performance in remaining courses. Withdrawal must be sought before final exams and is recorded as 'W' on the transcript (not treated as failure). In the first semester, withdrawal from English or Mathematics is not allowed.","Withdrawal, W Grade, Course Drop, First Semester",Academic Affairs
817,What is the Dean's List and Gold Medal policy regarding course repeats?,Students who repeat a course for grade improvement are not eligible for nomination to the Gold Medal or Dean's List. These honors are reserved for students who achieve their results through original attempts.,"Dean's List, Gold Medal, Repeat Course, Ineligible",Academic Affairs
818,What is the term-back policy at Sukkur IBA?,"If a student is dropped in the later years of a program (e.g., 3rd or 4th year of a 4-year degree), they may be regularized under the term-back policy, allowing them to continue from the point of interruption rather than restarting from the first semester.","Term Back Policy, Dropped, Later Years, Rejoin",Academic Affairs
819,What is the library fine policy at Sukkur IBA?,"The green campus of Sukkur IBA is located at Airport Road, Sukkur. The Campus area is 40 acres. The campus has over 10,000 trees and is certified as Pakistan's first green campus by WWF.","Library Fine, Overdue, Lost Book, Penalty",Library
820,Does Sukkur IBA have an inter-library loan service?,"Yes, the library is part of a worldwide consortium that shares materials. Through inter-library loan, the library can borrow books from other libraries or obtain copies of journal articles for students and faculty research needs","Inter-library Loan, Consortium, Resource Sharing",Library
821,What plagiarism prevention tools does Sukkur IBA use?,"Sukkur IBA uses Turnitin, integrated with the Learning Management System (Moodle), to automatically check plagiarism in student assignments. Faculty members also use Turnitin to check their research drafts. The library provides training on effective use of Turnitin.","Turnitin, Plagiarism, Moodle, Academic Integrity",Library
822,What is the DSpace digital library at Sukkur IBA?,"DSpace is a digital library platform designed by MIT University. Sukkur IBA's DSpace digital library contains about 20,000 e-books accessible to students and faculty.","DSpace, Digital Library, E-books, MIT",Library
823,What is the Virtua Library Management System?,"Virtua is an online public access catalogue (OPAC) integrated with RFID tagging. It allows users to search for books, view account status, reserve books, and receive SMS alerts on book issuance and return.","Virtua, OPAC, RFID, Library Management",Library
824,Does Sukkur IBA have a research journal?,"Yes, Sukkur IBA publishes the Sukkur IBA Journal of Management and Business (SIJMB), a semi-annual, peer-reviewed, multidisciplinary journal recognized by HEC. It is archived by Google Scholar, RePEc, Econlist, and the Electronic Journal Library of the German Institute of Global and Area Studies.","SIJMB, Research Journal, HEC Recognized",ORIC
825,What is the ORIC Research Grant Program?,"ORIC at Sukkur IBA has a Research Grant Program that provides monetary support to faculty members whose research proposals are approved. The purpose is to promote innovation and solutions to problems faced by industry, community, and the country.","ORIC, Research Grant, Funding, Innovation",ORIC
826,Does Sukkur IBA have an Executive Development Center?,"Yes, the Executive Development Center (EDC) offers corporate training, consultancy, and short courses. Facilities include 64 single executive rooms, 16 suites, 3 training rooms, a mini auditorium, computer lab, dining facility, discussion rooms, and a fitness center. It also offers CSS preparatory classes.","EDC, Executive Development, Training, CSS, Residential",Administration
827,What is the Dice Vice competition at Sukkur IBA?,"Dice Vice is an annual business plan competition organized by the Center for Entrepreneurial Leadership and Incubation (CEL&Inc.) in collaboration with the Dice Foundation, U.S. Student teams submit business plans and present prototypes. Industry professionals judge and select winners.","Dice Vice, Business Plan, Competition, Entrepreneurship, CELInc.",CEL&Inc.
828,Does Sukkur IBA have a free medical clinic on campus?,"Yes, Sukkur IBA has a free medical care clinic with separate facilities for male and female students. Two general physicians (one for girls, one for boys) provide first aid, medical treatment, and free medical advisory services. Patient records are computerized.","Medical Clinic, Free, Doctor, Health",Student Affairs
829,What sports tournaments are held at Sukkur IBA?,"Sukkur IBA organizes the Sukkur IBA Super League (cricket) and LIGA SIBA (football) tournaments through the Sports and Adventure Society. Badminton tournaments are also held. These events involve students, faculty, staff, and intra-departmental teams.","Sports, Sukkur IBA Super League, LIGA SIBA, Cricket, Football",Student Affairs
830,How many seats are allocated for BBA Agribusiness?,A total of 50 seats are available for BBA Agribusiness: 25 seats from Punjab (through University of Agriculture Faisalabad) and 25 seats from Sindh (through Sukkur IBA). Equal opportunity is provided to female candidates.,"BBA Agribusiness, Seats, 25 Punjab, 25 Sindh, Quota",Business Administration
831,What is the credit transfer policy at Sukkur IBA?,Sukkur IBA does not accept any credit transfer from any other university or institution. All students must complete all course requirements at Sukkur IBA.,"Credit Transfer, Not Accepted, Policy",Admissions
832,What accreditations does Sukkur IBA hold?,"Sukkur IBA holds: NBEAC 'W' category (highest) for BBA and MBA, NCEAC 'W' category for Computer Science programs, PEC accreditation for Engineering programs, AACSB membership, NACTE 'X' category for B.Ed, and WWF Green Campus certification.","Accreditations, NBEAC, NCEAC, PEC, AACSB, NACTE, WWF",Administration
833,Does Sukkur IBA have international academic linkages?,"Yes, Sukkur IBA has linkages with Asian Institute of Technology (Bangkok), University of British Columbia (Canada), Simon Fraser University (Canada), Kent University (UK), and other international institutions for research collaboration, curriculum development, and faculty development.","International Linkages, AIT, UBC, Simon Fraser, Kent University",Administration
834,Does Sukkur IBA offer credit courses via video conferencing?,"Yes, Sukkur IBA offers credit courses through video conferencing with professors from the USA, UK, and Ireland, allowing students to benefit from international faculty expertise without leaving the campus.","Video Conferencing, International Faculty, Credit Courses",IT
835,What is the Sukkur IBA Family Fun Festival?,"The Family Fun Festival was organized on campus with the theme 'Help Us Change Lives' to raise funds for needy and meritorious students. Over 1,000 families attended. Stalls were sponsored by companies and students. All revenues were donated to scholarships.","Family Fun Festival, Fundraising, Scholarships, Community",Student Affairs
836,What is the minimum CGPA required to pass the Foundation Semester?,"To qualify for admission into a regular degree program, a Foundation Semester student must maintain a minimum cumulative GPA of 2.2 by passing all courses. A GPA of 2.0 is not sufficient.","Foundation Semester, CGPA 2.2, Passing, Talent Hunt Program",Admissions
837,What is the stipend for Talent Hunt Program students?,"Each THP student receives a monthly stipend of Rs. 3,000 for personal expenses, in addition to free tuition, free books, free accommodation, and free transport","THP, Stipend, Rs. 3000, Talent Hunt Program",Financial Aid
838,What year was Sukkur IBA founded and by whom?,"Sukkur IBA was founded in 1994 by Professor Nisar Ahmed Siddiqui. He served as its first Vice Chancellor and has remained affiliated with the institution for over 26 years. He holds an MBA from Boston School of Management, University of Boston, USA, along with an MA in Economics and M.Ed & LLB from University of Sindh, Jamshoro.","Founder, 1994, History, Nisar Ahmed Siddiqui",Administration
839,Who established Sukkur IBA University?,"Sukkur IBA University was established by Professor Nisar Ahmed Siddiqui in 1994. He is a civil servant who served Pakistan for 30 years and has been a visiting faculty member at IBA Karachi, IoBM Karachi, University of Sindh, and Shah Abdul Latif University Khairpur Mirs. His dedication to education led him to found what is now one of Pakistan's top five business institutions.","Founder, Establishment, Nisar Ahmed Siddiqui, Civil Servant",Administration
840,How long has Professor Nisar Ahmed Siddiqui been associated with Sukkur IBA?,"Professor Nisar Ahmed Siddiqui, the founder of Sukkur IBA, has been affiliated with the institution for over 26 years since its establishment in 1994. He served as a civil servant for 30 years before dedicating himself fully to education and the development of Sukkur IBA into a world-class university.","Nisar Ahmed Siddiqui, Founder, 26 Years, History",Administration
841,What are the academic qualifications of Sukkur IBA's founder?,"Professor Nisar Ahmed Siddiqui, the founder of Sukkur IBA, holds an MBA from Boston School of Management, University of Boston, USA. He also has an MA in Economics, M.Ed, and LLB, all from the University of Sindh, Jamshoro. He has taught as visiting faculty at IBA Karachi, IoBM Karachi, University of Sindh, and Shah Abdul Latif University Khairpur Mirs.","Nisar Ahmed Siddiqui, Qualifications, MBA, Boston, Founder",Administration
842,Was Sukkur IBA always a university or did it start as something else?,"Sukkur IBA started in 1994 with only two rooms in a Public School in Sukkur and was initially affiliated with IBA Karachi. It gradually developed its own state-of-the-art campus. In 2006, it was awarded a charter as a degree-awarding institute by the Government of Sindh and was recognized by HEC. It was later transformed into a full-fledged government university in 2017 when the Sindh Assembly passed the Sukkur IBA University bill.","History, Charter, Degree Awarding, University, 1994, 2006, 2017",Administration
843,What is Professor Nisar Ahmed Siddiqui's background before founding Sukkur IBA?,"Before founding Sukkur IBA, Professor Nisar Ahmed Siddiqui served Pakistan as a civil servant for 30 years. During that period he also taught as visiting faculty at several institutions including IBA Karachi, IoBM Karachi, University of Sindh, and Shah Abdul Latif University Khairpur Mirs. His deep interest in education motivated him to establish Sukkur IBA in 1994.","Nisar Ahmed Siddiqui, Civil Servant, Background, Visiting Faculty",Administration
844,What was the original name of Sukkur IBA before it became a university?,The institution was originally known as Sukkur IBA (Sukkur Institute of Business Administration) before being transformed into Sukkur IBA University in 2017 when the Sindh Assembly passed the Sukkur IBA University bill. It started as a small institute affiliated with IBA Karachi in 1994 and gradually evolved into a full-fledged government university.,"Sukkur IBA, Name, History, Sukkur IBA University, 2017",Administration
845,Is Sukkur IBA a government or private institution?,"Sukkur IBA University is a government institution. It was originally established in 1994 as a small institute affiliated with IBA Karachi. In 2006, it received its charter from the Government of Sindh. In 2017, the Sindh Assembly passed the Sukkur IBA University bill, formally transforming it into a full-fledged government university.","Government, Public, Institution, Sindh, Charter",Administration
846,What is the URL for the Sukkur IBA Mathematics department website?,The official website for the Department of Mathematics at Sukkur IBA is http://math.iba-suk.edu.pk/. It is one of several departmental websites developed by the ICT department of Sukkur IBA University.,"Mathematics, Website, URL, Departmental Website",Mathematics
847,What departmental websites does Sukkur IBA maintain?,"Sukkur IBA maintains several departmental websites developed by its ICT department, including: Mathematics (math.iba-suk.edu.pk), ICT Department (ict.iba-suk.edu.pk), Department of Education (education.iba-suk.edu.pk), Sukkur IBA Library (library.iba-suk.edu.pk), IBA Community Colleges (ibacc.edu.pk), ORIC (oric.iba-suk.edu.pk), National Talent Hunt Program (nthp.iba-suk.edu.pk), and Summer Science Camp.","Departmental Websites, ICT, URLs, Online Presence",IT / Administration
848,How can I access Sukkur IBA's online resources?,"Sukkur IBA's online resources can be accessed through the main website at www.iba-suk.edu.pk. The library portal at library.iba-suk.edu.pk provides access to e-books, electronic databases, and OPAC. The Learning Management System (Moodle) allows access to course materials. The campus also offers Wi-Fi connectivity, and the library is a Wi-Fi hotspot.","Online Resources, Website, LMS, Moodle, Wi-Fi, Digital Access",IT / Library
849,What is the website for the Sukkur IBA Community Colleges?,The website for IBA Community Colleges is http://www.ibacc.edu.pk/. It is one of the departmental websites developed and maintained by the ICT department of Sukkur IBA University.,"Community Colleges, IBACC, Website, URL",Administration / IT
850,How can prospective students get information about Sukkur IBA programs online?,"Prospective students can visit the official website at www.iba-suk.edu.pk to find information about all academic programs, admission procedures, eligibility criteria, fee structures, and scholarship opportunities. The 3S SMS System also sends alerts about admissions and scholarships to registered users. Additionally, departmental websites provide program-specific details.","Prospective Students, Admission Information, Website, Online, Programs",Admissions / IT
851,Does Sukkur IBA have a website for its ORIC office?,"Yes, the Office of Research, Innovation and Commercialization (ORIC) at Sukkur IBA has a dedicated website at http://oric.iba-suk.edu.pk/. It provides information about research activities, grant programs, the SIJMB journal, intellectual property policies, and other research-related initiatives.","ORIC, Website, Research, URL",ORIC
852,Is there an online portal for the National Talent Hunt Program?,"Yes, the National Talent Hunt Program (NTHP) has an online portal accessible at http://nthp.iba-suk.edu.pk/THP/wpTHP.aspx. It provides information about the program, application processes, and program activities including the Summer Science Camp.","NTHP, Talent Hunt Program, Online Portal, URL",Academic Affairs / IT
853,What is the contact information for Sukkur IBA University?,"Sukkur IBA University is located at Airport Road, Sukkur-65200, Sindh, Pakistan. The phone number is 071-5644000 and UAN is 071-111-785-422. The fax number is 071-5804419. The official website is www.iba-suk.edu.pk. Various department contacts are also available through the main website.","Contact, Address, Phone, Airport Road, Sukkur",Administration
854,Where is Sukkur IBA's library portal located online?,"The Sukkur IBA library portal is located at http://library.iba-suk.edu.pk. Through this portal, users can access the OPAC (Online Public Access Catalogue), check their borrowing accounts, reserve books, access electronic databases, and contact library staff for research assistance.","Library Portal, OPAC, URL, Digital Resources",Library
855,What electronic databases can students access through the Sukkur IBA library?,"Through the library, students can access numerous electronic databases including Cambridge Journals Online, EBrary, Edinburgh University Press, Emerald Insight, Wiley Online Library, IMF eLibrary, JSTOR, JSTOR Global Plants, McGraw-Hill Access Engineering, McGraw-Hill Access Science, SAGE Journals Online, SpringerLink, Taylor & Francis Journals, UPCC Books on Project Muse, INFORMS, ITC Market Analysis Tools, ASABE, and CBI among others.","Electronic Databases, JSTOR, Emerald, Springer, Wiley, Cambridge, Library Resources",Library
856,How many print books and electronic books does the Sukkur IBA library have?,"The Sukkur IBA library has a collection of 60,000 print books and more than 100,000 electronic books accessible via the digital library. It subscribes to 30 print journals and provides access to 40,000 electronic journals. The library also holds donated collections totaling over 42,000 books from various donors.","Library Collection, Print Books, E-books, Journals, 60000, 100000",Library
857,What donated book collections does the Sukkur IBA library have?,"The Sukkur IBA library has received several major donated collections: Riaz Siddique's collection (5,000 books), Shah Muhammad Shah's collection (15,000 books), Prof. Ateeq-ur-Rehman's collection (17,000 books), and the Rotary Foundation Literacy collection (5,000 books). These are housed in designated corners within the library.","Donated Collections, Library, Books, Riaz Siddique, Shah Muhammad Shah",Library
858,Is the Sukkur IBA library a depository for any international organization?,"Yes, the Sukkur IBA library is a depository of the Asian Development Bank (ADB). ADB publications are placed in a separate section after processing and contain statistical information, reports on business, industry, and socio-economic aspects of Asian nations.","ADB, Asian Development Bank, Depository, Library",Library
859,What are the library opening hours at Sukkur IBA?,"The Sukkur IBA library operates Monday to Saturday from 9:00 AM to 10:00 PM, on Sundays from 10:00 AM to 4:00 PM, and during examinations from 9:00 AM to 12:00 AM (midnight). The library is closed on public holidays announced by Sukkur IBA University.","Library Hours, Opening Times, Sunday, Exam Period",Library
860,Who are the key contacts at the Sukkur IBA library?,"The key contacts at the Sukkur IBA library are Amir Subhani (Deputy Chief Librarian) reachable at amir.subhani@iba-suk.edu.pk or 0304-7924161, and Naveed Mustafa (Acquisition Librarian) reachable at Naveed.mustafa@iba-suk.edu.pk or 0300-5264484.","Library Contacts, Deputy Chief Librarian, Acquisition Librarian, Amir Subhani",Library
861,How many books can undergraduate students borrow from the Sukkur IBA library?,"Undergraduate students at Sukkur IBA can borrow up to 4 books at a time for a loan period of 14 days. Graduate and postgraduate students may borrow 8 books, teaching assistants 4 books, research associates 8 books, faculty members 30 books for one semester, and staff and other members 4 books for 14 days each.","Borrowing Privileges, Undergraduate, Books, 4 Books, 14 Days",Library
862,What is the total land area of Sukkur IBA's campus?,"The Sukkur IBA campus is located at Airport Road, Sukkur. The 2020-21 prospectus states the campus covers 25 acres, while an earlier prospectus mentioned 40 acres. The entire space is occupied by modern buildings, lush green lawns, and beautiful gardens with thousands of trees, making it Pakistan's first WWF-certified green campus.","Campus Area, 25 Acres, 40 Acres, Airport Road, Green Campus",Administration
863,Where is Sukkur IBA University located?,"Sukkur IBA University is located at Airport Road, Sukkur-65200, Sindh, Pakistan. Its strategic location connects Sindh, Punjab, and Baluchistan, giving it geographic advantage as a regional hub for quality education in the area.","Location, Airport Road, Sukkur, Sindh, Pakistan",Administration
864,What facilities are available on the Sukkur IBA campus?,"The Sukkur IBA campus has state-of-the-art academic blocks I, II, and III (under construction), a Knowledge Center/Library, separate boys and girls hostels, a guest house with 30+ rooms, a mosque, a 550-capacity auditorium, an English language lab, a financial trading lab, a cafeteria and tuck shop, a fitness gym, cricket ground, football ground, badminton courts, medical clinics, and the Executive Development Center building with residential facilities.","Campus Facilities, Hostel, Library, Auditorium, Sports, Medical",Administration
865,Does Sukkur IBA have separate hostels for male and female students?,"Yes, Sukkur IBA has separate hostels for male and female students within the campus. Each hostel building has a large dining hall, TV lounge, indoor sports facilities, 24-hour uninterrupted power supply, and Wi-Fi internet connectivity. All hostels are fully furnished with high-quality furniture, and the hostel administration maintains high living standards.","Hostel, Male, Female, Separate, Accommodation, Wi-Fi",Student Affairs
866,What power backup facilities does Sukkur IBA have?,"Sukkur IBA has installed heavy generators of 2200 KV capacity to ensure 24-hour uninterrupted power supply throughout the campus. This ensures that the teaching and learning process is never interrupted due to electricity outages, which is common in Pakistan.","Power Backup, Generator, 2200 KV, Uninterrupted Power Supply",Administration
867,What is the auditorium capacity at Sukkur IBA?,"The Sukkur IBA auditorium is centrally air-conditioned and can seat 550 people. It is equipped with a wide stage, multimedia projectors, projection screen, and high-quality sound system with multiple wired and cordless microphones. It is also rented out to companies, educational institutes, and government and non-government organizations for events.","Auditorium, 550 Seats, Events, Multimedia, Air-Conditioned",Administration
868,Does Sukkur IBA have a guest house for visitors?,"Yes, Sukkur IBA has an on-campus guest house with more than 30 well-furnished rooms. The rooms include single, shared, and suite options with high-quality furniture, air-conditioning, and a comfortable living atmosphere. There is also a TV lounge and dining area for guests.","Guest House, Visitor Accommodation, Rooms, Suites",Administration
869,Does Sukkur IBA have a mosque on campus?,"Yes, Sukkur IBA has an on-campus mosque and prayer area where students, faculty, administrative staff, and workers can offer five daily prayers. Religious programs are held on special occasions such as Khatam-ul-Quran during Ramadan and Muharram. A larger mosque with state-of-the-art infrastructure was also under construction to accommodate the growing campus community.","Mosque, Prayer Area, Religious, Campus, Ramadan",Administration
870,When was the Sukkur IBA Financial Trading Lab established?,"The Sukkur IBA Financial Trading Lab was established in January 2014. It is regarded as the first financial lab in Pakistan and is equipped with 32 machines loaded with specialized financial software and 12 Bloomberg Professional Terminals for investment analysis, portfolio management, and Pakistan Stock Exchange trading simulations.","Financial Trading Lab, 2014, Bloomberg, First in Pakistan, PSX",Business Administration
871,What software is available in the Sukkur IBA Financial Trading Lab?,"The Financial Trading Lab at Sukkur IBA is equipped with specialized software for financial news, analytics, research services, portfolio management, risk management, and Pakistan Stock Exchange (PSX) trading simulations. Additionally, 12 terminals are loaded with Bloomberg Professional Terminal, a leading global investment analysis platform used by top universities worldwide.","Financial Trading Lab, Bloomberg, PSX, Software, Investment Analysis",Business Administration
872,Is Sukkur IBA's Financial Trading Lab unique in Pakistan?,"Yes, the Sukkur IBA Financial Trading Lab, established in January 2014, is regarded as the first financial lab of its kind in Pakistan. It is equipped with Bloomberg Professional Terminals and specialized financial software. According to a survey, 45.34% of AACSB-accredited schools globally have such financial labs, making Sukkur IBA's lab internationally comparable.","Financial Trading Lab, First in Pakistan, Bloomberg, AACSB, Unique",Business Administration
873,What is the Bloomberg Terminal used for at Sukkur IBA?,"The Bloomberg Professional Terminal at Sukkur IBA's Financial Trading Lab is a leading global investment analysis platform. It provides students with tools and resources for financial news, analytics, research, portfolio management, and risk analysis. The lab has 12 Bloomberg terminals, and the program is also adopted by many international universities and institutes worldwide.","Bloomberg, Investment Analysis, Financial Lab, Portfolio Management",Business Administration
874,How does the Financial Trading Lab benefit business students?,"The Financial Trading Lab provides business students with hands-on experience in financial analysis, trading simulations on the Pakistan Stock Exchange (PSX), portfolio management, and risk assessment. Access to Bloomberg Professional Terminals allows students to work with real-world financial data and tools used by professionals globally, giving them practical skills beyond classroom learning.","Financial Trading Lab, Students, Practical Skills, PSX, Bloomberg",Business Administration
875,What is the Trade Center at Sukkur IBA?,"The Trade Center at Sukkur IBA provides students and faculty with live updates, features, and rates from the Karachi Stock Exchange. Students and faculty can view and track shares and engage in stock market simulations. It complements the Financial Trading Lab in providing real-time financial market exposure to the campus community.","Trade Center, Karachi Stock Exchange, Live Rates, Students, Faculty",Business Administration / IT
876,Does Sukkur IBA have finance-related elective courses?,"Yes, the Department of Business Administration offers an extensive list of finance electives for BBA students including International Finance, Security Analysis, Investment Analysis and Portfolio Management, Corporate Finance, Fixed Income Securities, Islamic Banking & Finance, Financial Derivatives, Risk Management, Behavioral Finance, Actuarial Finance, Applied Trading Strategies, and many more — all with FIN-201 as prerequisite.","Finance Electives, BBA, Islamic Banking, Portfolio Management, Financial Derivatives",Business Administration
877,What financial resources does Sukkur IBA provide to finance students?,"Sukkur IBA provides finance students with access to the Financial Trading Lab (with Bloomberg Terminals and PSX simulations), the Trade Center (live stock exchange rates), financial elective courses, the MBA Case Study Program with Strategic Financial Management, and faculty with international finance qualifications from institutions in the UK, USA, New Zealand, and Malaysia.","Finance, Bloomberg, PSX, Financial Lab, Trade Center, Faculty",Business Administration
878,What modules are included in Oracle PeopleSoft HCM at Sukkur IBA?,"Oracle PeopleSoft Human Capital Management (HCM) at Sukkur IBA includes modules for Talent Acquisition (online recruitment), Performance Management (ePerformance with KPI tracking), Core-HR (payroll, time management, employee records), Employee Self-Service (leave applications, payslip viewing), and Manager Self-Service (leave approvals, performance appraisal management).","PeopleSoft HCM, Oracle, Talent Acquisition, Performance Management, Core-HR",IT / HR
879,What is the PeopleSoft Campus Management Solution at Sukkur IBA?,"The PeopleSoft Campus Management Solution (CMS) is used to automate academic operations at Sukkur IBA. It manages student information, course enrollments, grades, attendance alerts, and faculty login tracking. Students and parents receive absence alerts, attendance warnings, enrollment confirmations, and grade notifications through this system.","PeopleSoft CMS, Academic Operations, Student Information, Grades, Attendance",IT / Academic Affairs
880,What financial modules does Sukkur IBA use in PeopleSoft FSCM?,"Sukkur IBA's PeopleSoft Financials and Supply Chain Management (FSCM) includes modules for Accounts Payables (supplier management, invoice processing), Accounts Receivables (customer management, deposits), Cash Management (bank reconciliation), Asset Management (depreciation, revaluation), General Ledger (journal management, budgeting), Purchasing (requisitions, purchase orders), eProcurement, and Inventory management.","FSCM, PeopleSoft, Accounts Payable, Asset Management, General Ledger",IT / Finance
881,How does Sukkur IBA use technology to manage employee attendance?,"Sukkur IBA uses a biometric attendance system called TimeTrax. Biometric devices are installed at Academic Blocks 1 and 2, the Administration Block, Knowledge Center, and Executive Development Center Building. TimeTrax records employee arrival and departure times and provides managers with detailed attendance records, absenteeism reports, and overtime data. All employees can view their attendance records online.","TimeTrax, Biometric, Attendance, Employee, HR Technology",IT / HR
882,What learning management system does Sukkur IBA use?,"Sukkur IBA uses Moodle, an open-source Learning Management System (LMS), integrated with Turnitin for plagiarism checking. Faculty can create and update courses, upload assignments and quizzes, create discussion forums, and maintain a centralized repository of course content organized by semester, which is shared with students.","LMS, Moodle, Learning Management System, Online Learning, Turnitin",IT / Academic Affairs
883,What Virtual University resources does Sukkur IBA provide?,"Sukkur IBA has deployed the updated release of Virtual University (VU) OCW Offline, which provides free educational video lectures. These lectures from renowned professors of relevant disciplines are accessible to faculty and students through the university's intranet facilities, allowing learning from expert academics without internet dependency","Virtual University, VU OCW, Video Lectures, Offline, Intranet",IT / Academic Affairs
884,How does Sukkur IBA use technology to support student parents?,"Sukkur IBA uses technology to keep parents informed through several systems: the PeopleSoft CMS sends SMS alerts to parents about their child's absences, attendance warnings, and grade postings. The Girls Hostel Check-In/Out System sends SMS alerts to parents when their daughters enter or leave the hostel, ensuring security and peace of mind for families.","Parents, SMS Alerts, CMS, Girls Hostel, Technology, Security",IT / Student Affairs
885,Does Sukkur IBA have a Faculty Portal?,"Yes, Sukkur IBA has a Faculty Portal integrated with the Campus Management System (CMS) and the official university website. Faculty members use it to update their profiles including qualifications, research publications, and experience. Their updated profiles are automatically displayed on the official Sukkur IBA website, ensuring transparency and visibility of faculty expertise.","Faculty Portal, CMS, Website, Faculty Profile, Research",IT / Academic Affairs
886,What are the different SMS alert categories in the Sukkur IBA 3S System?,The 3S System (Sukkur IBA SMS Service System) sends various categories of alerts: job and admission announcements to the general public; absence and attendance warnings to students and parents via PeopleSoft CMS; book issuance/return notifications via the Virtua Library System; girls hostel check-in/out alerts to parents; purchase requisition approvals via PeopleSoft FSCM; and faculty login location alerts.,"3S System, SMS, Alerts, Categories, CMS, Library, Hostel",IT
887,How does the 3S SMS system benefit Sukkur IBA students?,"The 3S System benefits students by keeping them informed about job postings, admission announcements, scholarship opportunities, training programs, test schedules, and interview calls. Students also receive library notifications about book issuance and returns, and their parents receive attendance and grade alerts through the integrated CMS, creating a connected academic environment.","3S System, SMS, Students, Benefits, Notifications",IT / Student Affairs
888,What security measures does Sukkur IBA implement for female students?,"Sukkur IBA implements a dedicated Girls Hostel Check-In/Out System that tracks female student movements. When a female student checks out of or into the hostel, SMS alerts are automatically sent to her parents or guardians. The system involves three stakeholders: the student (initiates request), hostel administration (approves/denies), and main gate security (marks actual entry/exit).","Female Students, Security, Hostel, Check-In, Check-Out, Parents",Student Affairs / IT
889,How does the biometric system work at Sukkur IBA?,"Sukkur IBA has installed biometric attendance devices (TimeTrax) at Academic Blocks 1 and 2, the Administration Block, the Knowledge Center, and the Executive Development Center. Employees scan their biometrics upon arrival and departure. The system records these times and generates detailed reports on attendance, absenteeism, and overtime for administrative review. All employees can access their own records online.","Biometric, TimeTrax, Attendance, Employees, Academic Block",IT / HR
890,What online testing facility does Sukkur IBA provide for job applicants?,"Sukkur IBA uses the Sukkur IBA Online Testing Service (SOTS), an in-house developed software for HR recruitment. Job applicants first apply through the PeopleSoft HCM Talent Acquisition module and then take online tests through the SOTS platform. This ensures a transparent and efficient recruitment process managed digitally.","SOTS, Online Testing, HR, Recruitment, Job Applicants",IT / HR
891,How is student performance monitored technologically at Sukkur IBA?,Student performance is monitored through multiple technological tools: the PeopleSoft CMS tracks attendance and grades; Moodle LMS tracks assignment submissions and quiz performance; Turnitin checks academic integrity; the online Teacher/Course Evaluation system through QEC collects feedback twice per semester; and biometric systems track student check-ins on campus.,"Student Performance, CMS, Moodle, Turnitin, QEC, Monitoring",IT / Academic Affairs
892,What is the eProcurement system at Sukkur IBA?,"Sukkur IBA uses Oracle PeopleSoft eProcurement, a self-service requisitioning application that controls employee spending. It allows employees to search for items, submit requisitions, track statuses, and modify requisitions while enforcing purchasing policies. When a requisition is initiated or approved, SMS alerts are sent to the requester and their supervisor through the FSCM-integrated 3S system.","eProcurement, PeopleSoft, FSCM, Requisition, Oracle",IT / Finance
893,What is the duration and structure of the MBA Case Study Program?,"The MBA (2 Years) Case Study Program at Sukkur IBA spans 2 years over 4 semesters with 60 credit hours. It includes 36 credit hours of core courses, 9 credit hours of electives, 3 credit hours of summer internship, and 12 credit hours of MBA project. Students must also pass a comprehensive examination for the award of the degree.","MBA, Case Study, 2 Years, 4 Semesters, 60 Credit Hours, Structure",Business Administration
894,What courses are taught in the first semester of the MBA program?,"In the first semester of the MBA (2 Years) Case Study Program, students study: Financial Reporting & Analysis (ACC-502), Quantitative Methods for Decision Making (MTS-501), Organizational Behavior and Leadership (MGT-505), Managerial Economics (ECO-504), and Critical Thinking & Managerial Communication (ENG-502), totaling 15 credit hours.","MBA, Semester 1, Courses, Financial Reporting, Managerial Economics",Business Administration
895,What elective specializations are available in the MBA program?,"The MBA (2 Years) Case Study Program at Sukkur IBA offers elective specializations in Finance, Marketing, Human Resource Management (HRM), and Entrepreneurship. Students select elective courses in these areas during Semesters II and III to build domain-specific expertise alongside their core business education.","MBA, Electives, Finance, Marketing, HRM, Entrepreneurship, Specialization",Business Administration
896,What is the MBA project requirement at Sukkur IBA?,"The MBA (2 Years) program requires students to complete an MBA Project worth 12 credit hours (0+12) in the final semester (Semester IV). This project-based learning follows a summer internship of 3 credit hours and is central to the case study methodology, requiring students to apply their academic knowledge to real-world business problems.","MBA Project, 12 Credit Hours, Final Semester, Case Study, Internship",Business Administration
897,What is the purpose of case-based teaching in the MBA program?,"Case-based teaching in the MBA program at Sukkur IBA is designed to develop analytical and decision-making abilities in students. The methodology requires students to analyze real business situations, apply theoretical frameworks, and propose solutions, thereby preparing them to become ethically conscious business leaders capable of handling complex managerial challenges.","Case-Based Teaching, MBA, Analytical Skills, Decision Making, Business Leaders",Business Administration
898,Can a 4-year business graduate get exemptions in the MBA program?,"Yes, the MBA (2 Years) program at Sukkur IBA may offer up to 30 credit hours of exemption to graduates of 4-year business programs. This is within the HEC requirement of 60-72 credit hours for the MBA, allowing graduates with relevant prior business education to complete the program more efficiently.","MBA, Exemption, 30 Credit Hours, 4-Year Business Graduate, HEC",Business Administration / Admissions
899,What are the goals of the MBA program at Sukkur IBA?,"The MBA program goals include: developing ethical consciousness in business decisions; building oral and written communication skills; enhancing decision-making through quantitative methods, innovation, and research integration; applying critical thinking to business problems; and developing leadership skills including teamwork, strategic thinking, and global business perspective.","MBA, Goals, Ethics, Communication, Decision Making, Leadership, Critical Thinking",Business Administration
900,What is the internship requirement for MBA students?,"MBA students at Sukkur IBA are required to complete a summer internship worth 3 credit hours. The internship is project-based and closely monitored through follow-up meetings between interns and faculty. Feedback is obtained from supervisors, and students must submit an internship report and attend an interview at the end to evaluate their experience.","MBA, Internship, Summer, 3 Credit Hours, Project-Based",Business Administration / CDC
901,What is the difference between the BS Computer Science and BS Software Engineering programs?,"Both BS Computer Science (BS-CS) and BS Software Engineering (BS-SE) are 4-year programs at Sukkur IBA. While BS-CS has a broader focus on computing theory, algorithms, AI, and systems, BS-SE focuses specifically on software development methodologies, requirements engineering, software architecture, quality assurance, and software project management. BS-SE includes courses like Software Requirements Engineering, Software Verification and Validation, and Software Quality Engineering that are specific to software development lifecycle.","BS Computer Science, BS Software Engineering, Difference, Programs, CS, SE",Computer Science
902,What is the Final Year Project requirement in BS Computer Science?,"BS Computer Science students at Sukkur IBA must complete a two-part Final Year Project: Project-I (FYP-401) in Semester VII worth 3 credit hours (0+3), and Project-II (FYP-451) in Semester VIII also worth 3 credit hours (0+3). Project-II has FYP-401 as its prerequisite. These projects allow students to apply their accumulated knowledge to solve real-world computing problems.","Final Year Project, FYP, BS Computer Science, Semester 7, Semester 8",Computer Science
903,What core courses are taught in the first year of BS Computer Science?,"In the first year of BS Computer Science, students take: Introduction to ICT (CSC-101), Introduction to Programming (CSC-102), Functional English (ENG-101), Islamic Studies/Ethics (HUM-101), Pakistan Studies (HUM-102) in Semester I; and Object-Oriented Programming (CSC-150), Calculus and Analytic Geometry (MTS-150), Communication and Presentation Skills (ENG-150), Discrete Structures (CSC-151), and Basic Electronics (ESE-150) in Semester II.","BS Computer Science, First Year, Core Courses, Programming, OOP",Computer Science
904,What graduate programs does the Department of Computer Science offer?,"The Department of Computer Science at Sukkur IBA offers three graduate programs: Master of Science in Computer Science (MS-CS), Master of Science in Software Engineering (MS-SE), and Doctor of Philosophy in Computer Science (PhD-CS). These programs are in addition to the undergraduate BS-CS and BS-SE programs.","MS Computer Science, MS Software Engineering, PhD, Graduate Programs",Computer Science
905,What are the elective options available for BS Computer Science students?,"BS Computer Science students can choose from over 36 CS-specific electives including Web Engineering, Machine Learning, Artificial Intelligence, Digital Image Processing, Cloud Computing, Mobile Application Development, Data Mining, Natural Language Processing, Game Development, Computer Vision, Neural Networks, and more. They can also choose from 18 general electives in areas like Entrepreneurship, Financial Accounting, Marketing, Psychology, and Foreign Languages.","CS Electives, BS Computer Science, Machine Learning, AI, Mobile Apps",Computer Science
906,What is the mission of the Department of Computer Science at Sukkur IBA?,"The mission of the Computer Science Department is to provide quality education in both theory and applications of computer science, IT, and software engineering. It aims to integrate with other departments for holistic knowledge, equip graduates with ethical norms and technological skills, and promote entrepreneurial behavior and leadership expertise among its graduates.","Computer Science, Mission, Quality Education, Ethics, Entrepreneurship",Computer Science
907,Who is the Head of the Department of Computer Science at Sukkur IBA?,"Dr. Muhammad Abdul Rehman Soomrani serves as Associate Professor and Head of the Department of Computer Science at Sukkur IBA. He holds a PhD from the University of Bayreuth, Germany, an MS in Computer Science from SZABIST Karachi, and a BE from Mehran University. He is an Oracle Certified Professional (DBA Track) and an HEC-approved PhD supervisor with over 15 years of teaching and research experience in database and data management technologies.","Head of Department, Computer Science, Dr. Soomrani, PhD, Bayreuth",Computer Science
908,What is the credit hour structure of the BS Computer Science program?,"The BS Computer Science program spans 4 years (8 semesters) with a semester duration of 16-18 weeks. Students carry approximately 18 credit hours per semester with 6 courses. The program covers core computing courses, general education requirements, electives, and a two-part Final Year Project, designed to build both theoretical and practical computing competencies.","BS Computer Science, Credit Hours, 8 Semesters, Structure, Final Year Project",Computer Science
909,What specializations are available in BE Electrical Engineering at Sukkur IBA?,"The BE Electrical Engineering program at Sukkur IBA offers three specialization streams: Power Engineering, Electronics Engineering, and Telecommunication Engineering. Each specialization follows a common first four semesters and then diverges into specialized courses. Power Engineering focuses on electrical machines, power systems, and smart grids; Electronics on circuit design and embedded systems; and Telecommunication on wireless communication and satellite systems.","BE Electrical, Specializations, Power, Electronics, Telecommunication",Electrical Engineering
910,What is the total credit hour requirement for BE Electrical Engineering at Sukkur IBA?,"The total credit hours vary by specialization: BE Electrical Engineering in Power Engineering requires 137 credit hours (109 theory + 28 lab), Electronics Engineering requires 136 credit hours (including 12 theory + 3 lab in Semester VIII), and Telecommunication Engineering requires 135 credit hours (109 theory + 26 lab). All programs span 4 years over 8 semesters.","BE Electrical, Credit Hours, Power, Electronics, Telecommunication, 137",Electrical Engineering
911,What are the Program Educational Objectives of the BE Electrical Engineering program?,"The BE Electrical Engineering program at Sukkur IBA has four Program Educational Objectives (PEOs): PEO-1 - technical competence in identifying, formulating, analyzing and creating engineering solutions; PEO-2 - pursuit of continuous learning and professional development; PEO-3 - effective communication abilities and leadership; and PEO-4 - practicing electrical engineering in an ethical and responsible manner.","PEO, Electrical Engineering, Technical Competence, Ethics, Leadership",Electrical Engineering
912,What is the BE Energy Systems Engineering (Renewable) program at Sukkur IBA?,"The BE in Energy Systems Engineering (Renewable) is a unique 4-year program established in 2014, focused on renewable energy. It covers thermodynamics, fluid mechanics, solar energy, wind energy, hydrogen and fuel cells, bio-energy, energy policy, and power electronics. The total credit hours are 139 (111 theory + 28 lab). Students must have FSc Pre-Engineering with minimum 60% marks for admission.","Energy Systems Engineering, Renewable Energy, Solar, Wind, Hydrogen, 2014",Energy Systems Engineering
913,What is the BE Computer Systems Engineering program at Sukkur IBA?,"The BE Computer Systems Engineering is a PEC-accredited 4-year program offered by the Department of Computer Systems Engineering (CSED). It covers computer networks, artificial intelligence, software engineering, database management, data sciences, control systems, electronics, and electric circuits. Total credit hours are 136 (112 theory + 24 lab). Students must have FSc Pre-Engineering with minimum 60% marks.","Computer Systems Engineering, PEC, CSED, 4 Years, 136 Credit Hours",Computer Systems Engineering
914,What elective courses are available for BE Power Engineering students?,"BE Electrical Engineering students specializing in Power Engineering can choose electives from: Voltage Engineering (ELE-415), Artificial Intelligence (CSE-421), Smart Grid (ELE-425), Power System Stability & Control (ELE-426), and Renewable Energy Systems (ENR-415). These electives are taken in Semesters VII and VIII.","Power Engineering, Electives, Smart Grid, Renewable Energy, Voltage Engineering",Electrical Engineering
915,What elective courses are available for BE Telecommunication Engineering students?,"Telecommunication Engineering students at Sukkur IBA can choose from electives including Information Theory & Coding (TEL-415), Embedded Systems (ESE-416), Microwave & RF Engineering (TEL-425), Navigational Aids and Radars (TEL-426), Wireless Sensor Networks (TEL-427), and Artificial Intelligence (CSE-421), taken in Semesters VII and VIII.","Telecommunication Engineering, Electives, Microwave, RF, Wireless Sensor Networks",Electrical Engineering
916,Who is the Head of the Electrical Engineering Department at Sukkur IBA?,"As per the 2020-21 prospectus, Dr. Faheem A. Chachar serves as Assistant Professor and Head of the Electrical Engineering Department at Sukkur IBA. He holds a PhD in Energy Systems from the University of Edinburgh, UK, an MSc from the University of Nottingham, UK, and a BE in Electrical (Power) Engineering from Mehran University. His research interests include VSC-HVDC technology, grid integration of renewable energy, and power electronics.","Head of Department, Electrical Engineering, Dr. Faheem Chachar, Edinburgh, Power Systems",Electrical Engineering
917,What is the B.Ed (Hons) Elementary 4-Year program at Sukkur IBA?,"The B.Ed (Hons) Elementary (4 Years) program is offered by the Department of Education at Sukkur IBA. It spans 8 semesters of 16-18 weeks each with 15-18 credit hours per semester. The program prepares student teachers for elementary level teaching by building subject content knowledge, pedagogical skills, critical thinking, action research abilities, and professional teaching practices. Eligibility requires FA/FSc or equivalent with minimum second division.","B.Ed, Elementary, 4 Years, Teacher Education, 8 Semesters",Education
918,What is the B.Ed Extension Program at Sukkur IBA?,"The B.Ed Extension Program is offered in two variants: a 2-year program (4 semesters) for students who have completed ADE (Associate Degree in Education), and a 2.5-year program (5 semesters) for students with 14 years of education. Both programs are accredited by NACTE in 'X' category and recognized by HEC. They allow working teachers to upgrade their qualifications while continuing their careers.","B.Ed Extension, 2 Years, 2.5 Years, ADE, NACTE, Teacher Upgrade",Education
919,What is the eligibility for admission to B.Ed programs at Sukkur IBA?,"For the B.Ed (Hons) 4-Year program, applicants must have FA/FSc, A-Level, or equivalent with minimum second division, or have FA/FSc with school subjects/CT/PTC (12 years of education) with minimum second division. For the B.Ed Extension (2-year), applicants must hold ADE with minimum second division. For the B.Ed (2.5-year), applicants need 14 years of education with minimum 50% marks.","B.Ed, Eligibility, FA/FSc, ADE, Second Division, Admission",Education / Admissions
920,When was the Department of Education established at Sukkur IBA?,The Department of Education at Sukkur IBA was established in 2012 with the purpose of improving the quality of teacher education programs and building teachers' professional capacity. Its overall aim is to raise educational standards and conduct education-related research at regional and national levels.,"Department of Education, 2012, Establishment, Teacher Education",Education
921,What are the goals of the B.Ed program at Sukkur IBA?,"The B.Ed program aims to prepare exemplary teachers by improving teaching and learning practices aligned with the National Professional Standards for Teachers (NPST 2009). Goals include enhancing subject content and pedagogical knowledge in Mathematics, Science, Languages, and Social Sciences; developing critical thinking and reflection skills; involving students in field work and action research; and motivating acceptance of learner diversity.","B.Ed, Goals, NPST, Teaching, Pedagogy, Action Research",Education
922,What teaching subjects can B.Ed students specialize in at Sukkur IBA?,"B.Ed students at Sukkur IBA can specialize in teaching the following subjects: English, Biology, Mathematics, Chemistry, Physics, Pakistan Studies, and Urdu/Sindhi. The curriculum covers both content courses (subject knowledge) and pedagogy courses (how to teach), along with teaching practice in actual classroom settings throughout the program.","B.Ed, Specialization, English, Mathematics, Science, Pedagogy",Education
923,Who heads the Department of Education at Sukkur IBA?,"Dr. Irfan Ahmed Rind serves as Assistant Professor and Head of the Department of Education at Sukkur IBA. He holds a PhD in Education from the University of Sussex, Brighton, UK, and an MA in Applied Linguistics from the same university. He has been associated with teaching, research, and consultancy for over 11 years and works as an international research associate for the Centre of International Education, UK.","Head of Department, Education, Dr. Irfan Rind, University of Sussex, PhD",Education
924,Is the B.Ed degree from Sukkur IBA recognized by HEC and government?,"Yes, the B.Ed degrees offered by Sukkur IBA are approved and endorsed by HEC and accredited by NACTE (National Accreditation Council for Teacher Education) in 'X' category. The Education & Literacy Department of the government has notified that B.Ed (Hons) degrees are the mandatory entry requirement for teaching positions as Junior Elementary School Teachers (Grade 14) and Elementary School Teachers (Grade 16).","B.Ed, HEC, NACTE, Recognized, Government, Grade 14, Grade 16",Education
925,What is the vision of the Department of Mathematics at Sukkur IBA?,"The vision of the Department of Mathematics at Sukkur IBA is to become a world leader in theoretical and applied mathematics. The department aims to carry out impactful national and worldwide research, provide unparalleled learning opportunities, produce in-demand graduates, and undertake educational outreach that increases mathematical and computing literacy globally.","Mathematics, Vision, World Leader, Theoretical, Applied Mathematics",Mathematics
926,What tracks are available in the BS Mathematics program at Sukkur IBA?,"The BS Mathematics program at Sukkur IBA offers tracks toward: Applied Mathematics (fluid mechanics, electromagnetism, quantum mechanics), Theoretical Mathematics (algebra, topology, analysis), Mathematics for Financial Markets (financial mathematics, actuarial mathematics, portfolio theory), Mathematical and Probabilistic Analysis, and Mathematical Physics (general relativity, analytical dynamics). This breadth makes the program unique in Pakistan.","BS Mathematics, Tracks, Applied, Theoretical, Financial Mathematics, Mathematical Physics",Mathematics
927,What is unique about the BS Mathematics program at Sukkur IBA compared to other universities?,"The BS Mathematics program at Sukkur IBA is unique in Pakistan because it goes beyond traditionally taught abstract and applied mathematics (like fluid mechanics and optimization). It offers courses in Mathematical Analysis, Financial Mathematics, and Theoretical Physics — areas largely ignored at other Pakistani universities. This opens doors to modern fields like financial mathematics, actuarial science, and theoretical physics for students.","BS Mathematics, Unique, Pakistan, Financial Mathematics, Theoretical Physics",Mathematics
928,What are the elective options in the BS Mathematics program?,"BS Mathematics students choose from two elective categories: Electives-A (specialization electives, 4 courses = 12 credit hours) from Applied Mathematics (Fluid Mechanics, Integral Equations, Quantum Mechanics, etc.) or Financial Mathematics (Financial Mathematics, Actuarial Mathematics, Portfolio Theory); and Electives-B (2 courses = 6 credit hours from mathematics courses outside the core curriculum).","BS Mathematics, Electives, Applied Mathematics, Financial Mathematics, Actuarial",Mathematics
929,What is the admission requirement for BS Mathematics at Sukkur IBA?,"For BS Mathematics, candidates must have Intermediate/FSc in the Pre-Engineering group with a minimum of 50% marks in annual examination with no supplementary and no subject condonation by the board. Applicants must also appear and qualify the Sukkur IBA written test and interview. Students not from the Pre-Engineering group must attend intensive bridging courses during semester breaks.","BS Mathematics, Admission, FSc, Pre-Engineering, 50%, Entry Test",Mathematics / Admissions
930,Who heads the Department of Mathematics and Social Sciences at Sukkur IBA?,"Dr. Javed Hussain serves as Head of the Department of Mathematics and Social Sciences and Assistant Professor at Sukkur IBA. He holds a PhD in Mathematics from the University of York, an MS in Mathematical Finance from the University of York, and MPhil and MSc in Mathematics from Quaid-i-Azam University, Islamabad. His research areas include Theory of S-acts, Credit Risk, and Stochastic Geometric Partial Differential Equations.","Head of Department, Mathematics, Dr. Javed Hussain, University of York, PhD",Mathematics
931,What social science courses does Sukkur IBA offer across its programs?,"Sukkur IBA integrates social science courses across all its programs. These include Human Behavior, Pakistan and Islamic Studies/Ethics, International Relations, Social Psychology and Self-Development, Development Economics, Organizational Behavior, Introduction to Sociology, Introduction to Philosophy, and Psychology. These are offered as compulsory or general elective courses depending on the program.","Social Sciences, Human Behavior, Psychology, Sociology, Ethics, Pakistan Studies",Mathematics and Social Sciences
932,What is the total credit hour structure of the BS Mathematics program?,"The BS Mathematics program requires a total of 136 credit hours (maximum 18 per semester), distributed as: 6 compulsory courses (11 credit hours), 1 humanities course (3 credit hours), 24 core courses (72 credit hours), 8 minor courses (24 credit hours), 4 Electives-A (12 credit hours in specialization), and 2 Electives-B (6 credit hours from outside mathematics courses). Class sizes are limited to 50 for lectures and 25 for tutorials/labs.","BS Mathematics, Credit Hours, 136, Structure, Electives, Core Courses",Mathematics
933,What documents are required for admission at Sukkur IBA?,"For undergraduate admission at Sukkur IBA, applicants need: SSC/O-Levels certificate with mark sheets, HSC/A-Levels certificate with mark sheets (or first-year results if final results pending), equivalence certificates for non-Pakistani qualifications, six passport-size photographs, and a copy of CNIC/B-Form. For graduate admission, a graduation degree or mark sheet (signed and attested) is additionally required.","Admission Documents, SSC, HSC, CNIC, Photographs, Requirements",Admissions
934,How are students selected for admission at Sukkur IBA?,"Students are selected through two routes at Sukkur IBA: direct appearance in the aptitude test (written test followed by group discussion and interview), or through the Foundation Semester (Regular/THP) where students who maintain a CGPA of 2.2 qualify for degree programs. All admissions are purely merit-based with no quotas or targets for any specific background.","Admission Process, Merit, Aptitude Test, Group Discussion, Interview, Foundation Semester",Admissions
935,What is the group discussion component in the Sukkur IBA admission process?,"After qualifying the written test, candidates at Sukkur IBA undergo a group discussion evaluation that assesses their communication skills, confidence, maturity, and leadership qualities. This analytical evaluation is part of the overall admission criteria alongside academic background, test performance, and interview results.","Group Discussion, Admission, Communication Skills, Leadership, Confidence",Admissions
936,Does Sukkur IBA accept students with A-Level or international qualifications?,"Yes, Sukkur IBA accepts students with A-Levels (at least an average 'C' grade in three principal subjects), American High School Diploma (minimum 60%), and International Baccalaureate (at least 28 points out of 45) as alternatives to FSc/Intermediate. Equivalence certificates must be provided from recognized Pakistani boards for all non-Pakistani qualifications.","A-Level, International Baccalaureate, American High School, Equivalence, Admission",Admissions
937,Can professional degree holders apply to Sukkur IBA?,"Yes, Sukkur IBA accepts applications from holders of professional degrees such as BE, MBBS, CPA, and similar qualifications on merit basis. These applicants are evaluated alongside other candidates according to the standard admission criteria of academic record, test performance, and interview results.","Professional Degrees, BE, MBBS, CPA, Admission, Merit",Admissions
938,What happens if a provisionally admitted student's final results do not meet Sukkur IBA requirements?,"If a provisionally admitted student's final examination results do not meet the minimum requirements for Sukkur IBA, their provisional admission is automatically cancelled and they have no further claim to admission. The fees already deposited are refunded following the prescribed refund procedure. This applies to both undergraduate and graduate provisional admissions.","Provisional Admission, Cancelled, Refund, Final Results, Policy",Admissions
939,What is the minimum percentage required for admission to engineering programs at Sukkur IBA?,"For all BE programs (Electrical Engineering, Computer Systems Engineering, and Energy Systems Engineering) at Sukkur IBA, candidates must have Intermediate/FSc in the Pre-Engineering group with a minimum of 60% marks in annual examination with no supplementary and no subject condonation by the board. This is higher than the 50% minimum required for BBA, BS, and B.Ed programs.","Engineering Admission, BE, 60%, Pre-Engineering, FSc, Eligibility",Admissions / Faculty of Engineering
940,Are there summer programs available at Sukkur IBA?,"Yes, Sukkur IBA offers comprehensive summer programs in multiple fields including Accounting, Management, Finance, Marketing, HRM, Economics, English and Communication, Computer Science, Mathematics and Statistics, and Electrical Engineering. The program develops soft skills like networking and leadership, prepares students for interviews, and uses interactive teaching methods. It also provides guidance on applying to top universities like Oxford and Cambridge.","Summer Program, Short Courses, Soft Skills, Oxford, Cambridge, Multiple Fields",Academic Affairs / CDC
941,What percentage of grades is based on mid-semester work vs final examination?,"At Sukkur IBA, 60% of the final course grade is based on mid-semester work (which includes two term exams, quizzes, assignments, and class participation), while 40% is based on the semester's final examination. Additionally, students must score at least 50% in the final examination to pass the course regardless of their mid-semester performance.","Grading, 60/40, Mid-Semester, Final Exam, Evaluation",Academic Affairs
942,What is the probation policy for students with low CGPA at Sukkur IBA?,"A student whose CGPA falls between 2.0 and 2.2 is placed on academic probation for one semester. During this probationary period, they must improve their CGPA to at least 2.2. If improvement is shown but not sufficient, probation may be extended for another semester. If the student still fails to reach 2.2 CGPA after the extended probation, they are dropped from the institute's rolls.","Probation, CGPA 2.0, CGPA 2.2, Academic Standing, Dropped",Academic Affairs
943,How many absences are allowed per course at Sukkur IBA?,"Students are allowed a maximum of 6 absences per course in a regular semester. If absences reach 7-8 (even for genuine reasons), students are allowed to withdraw with a 'W' grade. If absences exceed 9, the student receives an 'F' grade regardless of reason. In summer sessions, only 3 absences are permitted. Late arrivals are marked absent even if late by one minute.","Absences, 6 Absences, Withdrawal, F Grade, Attendance Policy",Academic Affairs
944,What is Sukkur IBA's policy on academic cheating?,Sukkur IBA maintains a strict zero-tolerance policy on academic cheating and impropriety. Any student found cheating or using unfair means in an examination is immediately expelled from Sukkur IBA and declared permanently ineligible for readmission. This reflects the institution's strong commitment to academic integrity and ethical values.,"Cheating, Zero Tolerance, Expulsion, Academic Integrity, Examination",Academic Affairs
945,How many courses can a student take per semester at Sukkur IBA?,"The standard course load at Sukkur IBA is 4 to 6 courses per semester. Students cannot take additional courses in any semester except in their final semester, where they may take up to 7 courses to complete degree requirements. In summer sessions, students not on internship may clear up to 2 course deficiencies.","Course Load, 4-6 Courses, Semester, Final Semester, 7 Courses",Academic Affairs
946,How can a student improve their grades at Sukkur IBA?,"Students at Sukkur IBA can repeat courses to improve their grades. The higher of the two grades is used in CGPA calculation with no averaging. The improved grade appears on the transcript, but if the repeated attempt yields a lower grade, the original grade stands. Students repeating courses are not eligible for Gold Medal or Dean's List. An additional course fee is charged for repetitions.","Grade Improvement, Repeat Course, CGPA, Gold Medal, Dean's List",Academic Affairs
947,What are the practical examination grading criteria at Sukkur IBA?,"For practical examinations at Sukkur IBA, the grading scale is: A (46-50 marks) = 4.00 GPA, A- (44-45) = 3.67, B+ (42-43) = 3.33, B (39-41) = 3.00, B- (37-38) = 2.67, C+ (35-36) = 2.33, C (32-34) = 2.00, C- (30-31) = 1.67, and Fail (below 30) = 0.00. Students must score minimum 10 out of 20 marks in final viva/voce/practical to pass.","Practical Examination, Grading, GPA, Viva, Marks",Academic Affairs
948,What is the summer session policy at Sukkur IBA?,"During the summer session at Sukkur IBA, students on internship cannot register for advanced credit or additional courses but may make up one course deficiency. Students not on internship may clear up to two deficiencies. Only one course withdrawal is allowed in summer. Students get 3 absences in summer sessions. Graduates who have passed out may opt for up to 3 courses with the competent authority's approval.","Summer Session, Internship, Deficiency, Withdrawal, Absences",Academic Affairs
949,What is the Quality Enhancement Cell (QEC) at Sukkur IBA and when was it established?,"The Quality Enhancement Cell (QEC) at Sukkur IBA was established in April 2010 upon the recommendation of the Quality Assurance Agency of HEC (QAA-HEC) Islamabad. Its purpose is to enhance academic standards by designing market-oriented curriculum, providing quality education, and creating a research-based environment. QEC monitors and enhances academic processes in compliance with HEC and international quality assurance standards.","QEC, Quality Enhancement Cell, 2010, HEC, Academic Standards",QEC / Administration
950,What functions does the QEC perform at Sukkur IBA?,"The QEC at Sukkur IBA performs several key functions including: facilitating Self-Assessment Reports (SARs) preparation, online teacher/course evaluation (twice per semester), implementing Assurance of Learning (AoL) mechanisms, organizing faculty training workshops, assisting in national and international accreditation processes (AACSB, AMDISA/SAQS, EFMD/EQUIS), conducting student satisfaction surveys, and running alumni and employer surveys.","QEC, Functions, SAR, Teacher Evaluation, AoL, Accreditation, Alumni Survey",QEC
951,What is the Self-Assessment Report (SAR) process at Sukkur IBA?,The SAR process at Sukkur IBA involves: nominating and training a Program Team (PT) by QEC; providing assessment parameters to the PT; PT preparing the SAR; forming an Assessment Team (AT) of two internal and one external expert to review the SAR; AT paying field visits and submitting its report; QEC presenting findings to the HoD and Director for implementation; and QEC monitoring the implementation plan progress.,"SAR, Self-Assessment, QEC, Program Team, Assessment Team, HEC",QEC
952,How does Sukkur IBA conduct teacher evaluation?,"QEC conducts online teacher/course evaluation through the CMS twice per semester: once after the first two weeks (to check if course outlines and objectives were communicated) and again in the second-last week before final exams (comprehensive feedback on teaching methodology and course significance). Results are shared with faculty, department heads, and management. Outstanding faculty receive appreciation letters, certificates, and shields.","Teacher Evaluation, QEC, Online, CMS, Twice Per Semester, Feedback",QEC / Academic Affairs
953,What is Assurance of Learning (AoL) at Sukkur IBA?,"Assurance of Learning (AoL) or Learning Outcomes Assessment (LOA) is a systematic process of collecting, reviewing, and using information about educational programs to improve student learning. At Sukkur IBA, the QEC assists in deploying quality teachers, assessing students to ensure learning is occurring, and using the collected data to continuously improve curriculum — a process known as ""closing the loop.""","Assurance of Learning, AoL, LOA, Outcomes Assessment, Continuous Improvement",QEC / Academic Affairs
954,What international accreditations is Sukkur IBA pursuing?,"Sukkur IBA is actively pursuing and holds membership in several international accreditation bodies including AACSB (Association to Advance Collegiate Schools of Business), AMDISA/SAQS (South Asian Quality Assurance System), EFMD/EQUIS, APQN, INQAAHI, and the Talloires Network. The institution is in the process of submitting Initial Self-Assessment Reports for formal accreditation from these bodies.","International Accreditation, AACSB, EQUIS, SAQS, AMDISA, International",Administration / QEC
955,How often does QEC evaluate teachers at Sukkur IBA?,"The QEC conducts online teacher/course evaluations twice per semester. The first evaluation occurs after completion of the first fortnight of the semester, and the second (final) evaluation takes place in the second-last week before final examinations. This ensures continuous monitoring of teaching quality throughout the semester rather than only at its end.","Teacher Evaluation, Twice Per Semester, QEC, Fortnight, Final Evaluation",QEC
956,What are the SAR parameters used by QEC at Sukkur IBA?,"The Self-Assessment Report (SAR) at Sukkur IBA is prepared on eight parameters prescribed by HEC: Program Mission, Objectives and Outcomes; Curriculum Design and Organization; Laboratories and Computing Facilities; Student Support and Advising; Process Control; Faculty; Institutional Facilities; and Institutional Support. These parameters ensure comprehensive evaluation of each academic program.","SAR, Parameters, HEC, QEC, Program Mission, Curriculum, Faculty",QEC
957,What is the Center for Entrepreneurial Leadership and Incubation (CEL&Inc.) at Sukkur IBA?,"CEL&Inc. was established in 2012 at Sukkur IBA as a university-driven entrepreneurial center. It supports young entrepreneurs through consultation, business incubation, market connections (national and international), and funding access. Currently, 10 startups worth Rs. 10.122 million are operational at the center, employing 54 individuals with annual revenue above Rs. 12.237 million. It collaborates with HEC, government, and corporate sector partners.","CEL&Inc., Entrepreneurship, Incubation, Startups, 2012, CELInc",CEL&Inc.
958,What services does the CEL&Inc. provide to student entrepreneurs?,"CEL&Inc. at Sukkur IBA provides: enterprise development support (strategic planning for small businesses); a consultancy network of professionals and educators; entrepreneurial synergy through co-located firms; access to funding sources (financial institutions, angel investors); flexible office space of 10,000 sq. ft.; shared services (photocopier, videoconferencing, meeting rooms); entrepreneurship development programs; and entrepreneurship development projects with national/international organizations.","CEL&Inc., Services, Incubation, Funding, Office Space, Shared Services",CEL&Inc.
959,Who founded the Center for Entrepreneurial Leadership and Incubation at Sukkur IBA?,"The Center for Entrepreneurial Leadership and Incubation (CEL&Inc.) was founded by Syed Ali Akbar Rizvi, who also serves as its founding director. He holds a Master's in Management (Entrepreneurship) from Durham University, UK (Chevening Scholar), and a BS in Information Systems and Marketing from Drake University, USA. He is currently on sabbatical pursuing a PhD in Entrepreneurship (Family Firms) at Durham University, UK.","CEL&Inc., Founder, Syed Ali Akbar Rizvi, Durham University, Chevening Scholar",CEL&Inc.
960,What entrepreneurship degree programs and courses does Sukkur IBA offer?,"Sukkur IBA offers Entrepreneurship as a specialization in both BBA and MBA programs. The BBA program includes Entrepreneurship (MGT-302) as a core course and offers 17 entrepreneurship electives through CEL&Inc. The MBA program includes entrepreneurship electives as well. CEL&Inc. also offers standalone degree programs, diplomas, certificates, workshops, and seminars on entrepreneurship for students, faculty, and the wider community.","Entrepreneurship, BBA, MBA, Electives, MGT-302, CEL&Inc., Programs",Business Administration / CEL&Inc.
961,How does Sukkur IBA support student startups financially?,"Sukkur IBA's CEL&Inc. supports student startups by identifying their financial needs, connecting them with financial institutions, donors, and angel investors, and guiding them through the documentary requirements of funding agencies. The center also provides shared services and flexible office space to reduce operating costs for incubated firms.","Startup Funding, CEL&Inc., Angel Investors, Financial Support, Incubation",CEL&Inc.
962,What entrepreneurship electives are available for BBA students at Sukkur IBA?,"BBA students at Sukkur IBA can choose from 17 entrepreneurship electives including: Entrepreneurial Marketing, Entrepreneurial Management, Entrepreneurial Finance, Corporate Entrepreneurship, Social Enterprise Management, New Technology Ventures, Creativity and Innovation, Business Law for Entrepreneurship, Web Marketing, Sales Strategy in Entrepreneurial Venture, Family Business Management, Women's Entrepreneurship & Leadership, and Micro Entrepreneurship. All require MGT-302 (Entrepreneurship) as prerequisite.","BBA, Entrepreneurship Electives, Creativity, Social Enterprise, Family Business",Business Administration
963,What is the vision of the Center for Entrepreneurial Leadership and Incubation?,"The vision of CEL&Inc. at Sukkur IBA is to contribute to developing a robust, vibrant, technology and agro-based economy in Pakistan by building an entrepreneurial ecosystem, culture, and practices that support entrepreneurs and innovative startup businesses. Its mission is to offer a university-driven platform with researched solutions relevant to national needs through collaboration between HEC, the university, government, and the corporate sector.","CEL&Inc., Vision, Mission, Entrepreneurial Ecosystem, Tech, Agro, Pakistan",CEL&Inc.
964,What is the TEDx Sukkur IBA event?,"TEDx Sukkur IBA is an independently organized TED Talk event initiated by students and faculty through the Public Speaking and Literary Society. The first event was held in August 2016 with the theme ""Being Different."" It is organized annually with a new theme each year and invites social activists, literary figures, nationally/internationally recognized individuals, and emerging young talents of Pakistan for intellectual dialogue.","TEDx, Public Speaking, Literary Society, 2016, Annual Event, Students",Student Affairs / CEL&Inc.
965,What short courses does the Executive Development Center offer?,"The Executive Development Center (EDC) at Sukkur IBA offers 3-month skill development short courses in: Advanced Management Skills, Sales Management, Supply Chain Management (SCM), Leadership Skills, Emotional Intelligence, IELTS Preparatory Classes, Chinese Language Skills, English Language Skills, CCNA Preparatory Classes, MS-Office, Graphic Designing & Illustration, Web Development, Cyber Security, and Advanced Excel.","EDC, Short Courses, IELTS, Leadership, SCM, Cyber Security, Chinese Language",EDC
966,What organizations has Sukkur IBA's EDC provided training to?,"The Executive Development Center (EDC) at Sukkur IBA has provided training to organizations including: UNDP, World Bank, USAID (ASP-LUMS), Reform Support Unit (Government of Sindh), Sindh Elementary Teachers Training Project (SETTP-CIDA), International Relief Development Organization (IRD), SSGC, Engro Foods, HEC, NADRA, State Bank of Pakistan, National Bank of Pakistan, Plan Pakistan, Sindh Education Foundation, Sindh Rural Support Organization, and Continental Biscuit Limited.","EDC, Training Clients, UNDP, World Bank, USAID, SBP, Engro",EDC
967,What residential facilities does the EDC provide?,"The EDC residential facility at Sukkur IBA includes 64 single executive rooms, 16 executive suites, 3 executive training rooms (40-50 capacity each), 1 mini auditorium (80-100 capacity), a computer lab for 35 participants, an in-house executive dining facility for 150 participants, 6 discussion rooms, an on-campus executive fitness center, and a tuck shop.","EDC, Residential Facilities, Executive Rooms, Suites, Dining, Training Rooms",EDC
968,What is the CSS Preparatory Program at Sukkur IBA?,"Sukkur IBA started CSS Preparatory Classes in 2013 in coordination with the Sukkur District Administration. Each batch has 80-100 candidates who receive world-class library access, compulsory subject books, Dawn newspaper, Jahangir's World Times magazine, and notes from faculty. Students are guided by top CSPs of Pakistan and evaluated through weekly quizzes, monthly exams, and a final CSS mock exam. The program has produced 4 successful civil service candidates appointed as Assistant Commissioners.","CSS, CSS Preparatory, Civil Service, District Administration, 2013, Assistant Commissioner",EDC
969,How many executives has the EDC trained since its establishment?,"The Executive Development Center (EDC) at Sukkur IBA has conducted over 60 training programs for more than 4,000 executives, including 5 extensive training and consultancy projects since its establishment. These trainings cover corporate clients, government organizations, NGOs, and educational institutions both within Pakistan and internationally.","EDC, 60 Trainings, 4000 Executives, Corporate, NGO, Government",EDC
970,What is the mission of the Executive Development Center at Sukkur IBA?,"The mission of the Executive Development Center (EDC) at Sukkur IBA is to augment organizations' potency by evolving their workforce. It aims to assess critical organizational areas by scrutinizing workforce and processes, then deliver the best training and consultancy solutions in an excellent learning environment to enhance employees' managerial and technical skills.","EDC, Mission, Workforce Development, Training, Consultancy, Organizations",EDC
971,When was the Executive Development Center established at Sukkur IBA?,"The Executive Development Center (EDC) at Sukkur IBA was established in 2013. Within a short span of three years, it had conducted over 60 trainings for more than 4,000 executives and handled 5 extensive training and consultancy projects. The center has a new state-of-the-art building with residential and training facilities.","EDC, Established, 2013, Executive Training, Consultancy",EDC
972,What is the Director of EDC's background at Sukkur IBA?,"Dr. Altaf Hussain Samo serves as Professor of Entrepreneurship and Director of the Executive Development Center (EDC) at Sukkur IBA. He holds a Certificate from MIT (USA), PhD in Entrepreneurship from University Utara Malaysia, MS in Management from University of Orleans, France, and MBA from University of Sindh. He has over 17 years of experience in academic administration, project management, consultancy, and training for organizations like ADB, UNDP, USAID, SBP, and the Sindh Government.","EDC Director, Dr. Altaf Samo, Entrepreneurship, MIT, ADB, UNDP",EDC / Business Administration
973,What is the mandate of ORIC at Sukkur IBA?,"The Office of Research, Innovation, and Commercialization (ORIC) at Sukkur IBA was established in September 2011. Its mandate is to promote research culture by helping researchers identify grant opportunities, write winning proposals, maintain research records, file patents, link academia with industry for commercialization and funding, assist in grant negotiations, and help faculty and students start businesses based on their innovations.","ORIC, Mandate, Research, Patent, Commercialization, Innovation, 2011",ORIC
974,What is the Sukkur IBA Intellectual Property Policy?,"The Sukkur IBA Intellectual Property (IP) Policy provides guidelines for ownership, distribution of revenues/royalties, and commercial development of innovations created by faculty, staff, students, and others using Sukkur IBA as their platform. ORIC supports and manages the patenting and commercialization process after inventors disclose their innovations. The policy encourages creating new products, prototypes, and technologies.","Intellectual Property, IP Policy, ORIC, Patent, Innovation, Commercialization",ORIC
975,What is the Sukkur IBA Research School?,The Sukkur IBA Research School is an initiative by ORIC that opens fortnightly every Thursday from 3:30 PM to 5:30 PM. Its objectives are: providing a peer review platform for researchers; guiding young faculty in initiating research with senior researchers; providing new research directions to junior faculty; and facilitating research students in choosing topics and supervisors.,"Research School, ORIC, Fortnightly, Thursday, Peer Review, Young Faculty",ORIC
976,What are the key components of the Sukkur IBA Research Policy?,The Sukkur IBA Research Policy implemented since January 2013 articulates: a teaching load reduction policy for research-active faculty; a reward policy for publications in ISI-indexed and HEC-recognized journals; travel grants for presenting research at national and international conferences; and a profit-sharing policy for revenues generated from commercial projects or research activities.,"Research Policy, 2013, Teaching Load, ISI Publications, Travel Grants, Profit Sharing",ORIC
977,What is the Monthly Think Tank Meeting at Sukkur IBA ORIC?,ORIC organizes Monthly Think Tank Meetings to provide faculty and researchers a platform for discussing new research ideas and innovations. These meetings also focus on innovative teaching pedagogies and interdisciplinary research. Outstanding achievements in teaching and research are recognized with cash prizes and certificates. Faculty members also use these meetings to suggest improvements to institutional policies and processes.,"Think Tank, ORIC, Monthly Meeting, Research Ideas, Cash Prizes, Faculty",ORIC
978,What external funding has Sukkur IBA received for research and training?,"Sukkur IBA has received funding from various national and international agencies including the World Bank, Asian Development Bank (ADB), UNDP, UNOPS, NRSP, HEC, European Commission, UK Government (DFID/KIET), USAID, and the Government of Sindh for research projects and training programs. Faculty members like Dr. Pervaiz Ahmed Memon and Dr. Khalid Ahmed have led these externally funded initiatives.","External Funding, World Bank, ADB, UNDP, HEC, European Commission, Research",ORIC
979,What research capacity building activities does ORIC conduct?,"ORIC initiated a Research Capacity Building Workshops Series in 2015 to strengthen research skills of faculty and students. The first workshop, ""Practical Use of SPSS & Eviews Software in Research Work,"" was held on May 16, 2015. The series continues with various workshops on research methodology, data analysis, and academic writing to build the overall research capacity of the institution.","Research Capacity Building, ORIC, SPSS, Eviews, Workshop, 2015",ORIC
980,How is the SIJMB journal accessible to researchers internationally?,"The Sukkur IBA Journal of Management and Business (SIJMB) is archived and accessible through several international scientific repositories including Google Scholar, RePEclDEAS, Econlist, and the Electronic Journal Library of the German Institute of Global and Area Studies. The journal is HEC-recognized, peer-refereed, multidisciplinary, and charges no fees. It also provides a complimentary hard copy to each author and distributes copies to HEIs and R&D institutions across Pakistan.","SIJMB, Journal, Google Scholar, RePec, HEC Recognized, International, Open Access",ORIC
981,What co-curricular and extracurricular activities are available at Sukkur IBA?,"Sukkur IBA offers a rich co-curricular life including sports tournaments (cricket, football, badminton), cultural events (music concerts, folk events), TED Talks, blood donation camps, health awareness weeks, family fun festivals, alumni reunions, musical nights, book review competitions, Mathematics Olympiads, the Dice Vice entrepreneurship competition, and study-related seminars and workshops. These activities develop leadership, communication, and teamwork skills.","Co-Curricular, Extracurricular, Sports, Culture, TED, Blood Donation, Dice Vice",Student Affairs
982,What indoor and outdoor sports facilities does Sukkur IBA have?,"Sukkur IBA has both indoor and outdoor sports facilities. Outdoor facilities include a cricket ground, football ground, volleyball court, and badminton courts. Indoor facilities include basketball court, badminton court, table tennis court, multipurpose gymnasium, and a fitness/gym center. The Department of Physical Education & Sports Sciences (in the 2020-21 prospectus) manages these facilities systematically.","Sports Facilities, Cricket, Football, Basketball, Gym, Indoor, Outdoor",Student Affairs / Physical Education
983,What is the health and blood donation campaign at Sukkur IBA?,Sukkur IBA regularly organizes health weeks and blood donation camps on campus to promote civic sense and social responsibility among students. Famous doctors and medical experts visit to create awareness about health issues like stress management and healthy diets. Students also raise funds for patients with diseases like Thalassemia. These are regular features of student extracurricular life.,"Health Week, Blood Donation, Thalassemia, Social Responsibility, Campus Events",Student Affairs
984,What is the Alumni Reunion program at Sukkur IBA?,"The Alumni Reunion is organized by the Alumni Affairs Office of Sukkur IBA to bring all alumni together on one platform. It allows graduates to reconnect with their institution and classmates. Musical and cultural events are part of the reunion. A representative elected by the alumni is also a member of the Senate, which is the supreme governing body of Sukkur IBA.","Alumni Reunion, Alumni Affairs, Senate, Musical Night, Community",CDC / Student Affairs
985,How does Sukkur IBA promote environmental awareness among students?,"Sukkur IBA, in collaboration with WWF Pakistan, conducts regular awareness sessions to educate students about preserving the environment. These programs aim to increase awareness about environmental issues and inform students about measures to reduce resource wastage. The campus itself models environmental responsibility with over 10,000 trees and annual plantation drives, having received WWF's first Green Campus certification in Pakistan.","Environmental Awareness, WWF, Green Campus, Sustainability, Plantation",Student Affairs / Environment
986,Does Sukkur IBA have a cafeteria on campus?,"Yes, Sukkur IBA has a fully functional modern cafeteria and a tuck shop on campus. The cafeteria serves refreshments, soft drinks, snacks, and meals for students, faculty, and staff during class hours and for campus residents in the evenings. The tuck shop provides confectionery and daily use items. Both facilities provide a pleasant environment for relaxation, meals, and informal discussions.","Cafeteria, Tuck Shop, Food, Campus Life, Students",Administration / Student Affairs
987,What on-campus accommodation options does Sukkur IBA provide?,"Sukkur IBA provides on-campus accommodation for male and female students, faculty, and staff. Student hostel rooms are furnished with beds, dressing tables, study tables, wardrobes, chairs, and shared washing machines. Each hostel has a food/mess facility, and faculty/staff hostels are air-conditioned with indoor games facilities. The EDC building also offers 64 executive single rooms and 16 suites for training participants and visitors.","Accommodation, Hostel, On-Campus, Furnished, Washing Machine, Faculty Hostel",Student Affairs / Administration
988,What is the Book Review Competition in the Talent Hunt Program?,"The Book Review Competition is a major assignment in the National Talent Hunt Program (NTHP). It has two rounds: Intra-Class (group of 4 reads a novelette, writes a review, and presents it; the best group advances) and Inter-Class (winners from each class compete; written reviews are assessed by an English teacher; presentations are made to distinguished guests; top 3 groups win laptops).","Book Review, Talent Hunt Program, NTHP, Competition, Novelette, Laptops",Academic Affairs / Foundation Semester
989,What are the Career Development Center's job placement services?,"The CDC at Sukkur IBA offers comprehensive job placement services including: assisting with job applications, posting job announcements, resume collection and placement, organizing job fairs where employers from Karachi, Lahore, Islamabad, Sukkur, and Hyderabad visit campus, facilitating on-campus interviews and campus drives, supporting students in securing 6-month final year projects in industry, and assisting with work-study and research projects.","CDC, Job Placement, Job Fair, Campus Drive, Resume, Internship",CDC
990,What student development services does the CDC provide?,"The CDC provides student development services including: career counselling and guidance, resume/CV writing workshops, interview skills training, mock job tests and mock interviews, personality development programs, and sessions with senior alumni and professionals. These services prepare students for professional life and help them compete effectively in the job market.","CDC, Student Development, Resume Writing, Interview Skills, Mock Interviews",CDC
991,What is the Financial Aid Office at Sukkur IBA?,"The Financial Aid Office (FAO) is a component of the Career Development Center (CDC) at Sukkur IBA. It identifies students' financial needs and designs customized financial solutions. The office is active in generating and managing scholarships and financial assistance programs. Currently, almost 70% of students on campus receive financial assistance through various scholarship schemes backed by donor agencies, government organizations, philanthropists, and businesses.","Financial Aid Office, FAO, CDC, Scholarships, 70%, Needy Students",CDC / Financial Aid
992,What is the University Advancement Office (UAO) at Sukkur IBA?,"The University Advancement Office (UAO) is part of the CDC at Sukkur IBA. It establishes and maintains linkages between industry and academia, works with government and non-government organizations for resource development, raises funds for endowments, and hunts for institutional support projects. It maintains both internal and external relationships on an ongoing basis to support the university's growth and sustainability.","UAO, University Advancement, Industry Linkages, Endowments, Fundraising",CDC / Administration
993,How many students does the CDC place in internships annually?,"On average, the Career Development Center (CDC) at Sukkur IBA places more than 200 students annually in various organizations throughout Pakistan during summer vacations for mandatory 6-week internships. The CDC coordinates with employers from major cities including Karachi, Lahore, Islamabad, Sukkur, and Hyderabad for these placements.","CDC, Internship, 200 Students, Annual, Placement, 6 Weeks",CDC
994,What is the role of Alumni Affairs at Sukkur IBA?,"The Alumni Affairs component of the CDC at Sukkur IBA engages graduates through Alumni Reunions, music and cultural events, and career counselling and job placement support. Notably, an alumni-elected representative is a member of the university Senate (the supreme governing body), giving alumni a formal voice in institutional governance. This reflects Sukkur IBA's recognition of its graduates' long-term importance to the institution.","Alumni Affairs, CDC, Senate, Governance, Reunions, Career Counselling",CDC
995,What marketing services does the CDC provide at Sukkur IBA?,"The CDC's Marketing & Communication component supports Sukkur IBA's branding and outreach. Marketing materials include posters, flyers, banners, pena flexes, souvenirs, mugs, and shields. Marketing tools and media used include documentaries, press releases, social media, newsletters, annual reports, the prospectus, and advertisements in print, electronic, online, radio, and billboard formats.","CDC, Marketing, Communication, Social Media, Branding, Advertisements",CDC / Administration
996,When was the Career Development Center established at Sukkur IBA?,"The Career Development Center (CDC) at Sukkur IBA was established in 2011. It was created to minimize the gap between industry and academia by providing services to students, alumni, and the corporate world. Since its establishment, it has been successfully placing graduates, organizing job fairs, managing scholarships, and supporting career development activities.","CDC, Established, 2011, Industry-Academia, Career Services",CDC
997,,,,
998,,,,
999,,,,
1000,,,,